사업부구분,대분류,중분류,소분류,2024년 연간,24년1월,24년2월,24년3월,24년4월,24년5월,24년6월,24년7월,24년8월,24년9월,24년10월,24년11월,24년12월
MLB,인건비,기본급,경영지원,22368517,1700720,1751566,1934007,1961754,1929514,1994797,1874622,1833367,1829848,1842283,1849236,1866803
MLB,인건비,기본급,MLB,36845813,2774422,2789077,2918264,3010236,3140706,2928332,3179151,3320018,3170190,3330581,3120954,3163882
KIDS,인건비,기본급,KIDS,5966590,436512,453593,382399,487608,402798,401624,424439,521295,570962,750478,559627,575255
DISCOVERY,인건비,기본급,DISCOVERY,1892827,,,,,,,,256561,286061,317928,510232,522045
DUVETICA,인건비,기본급,DUVETICA,2454695,301672,353212,369491,360629,355962,357767,355962,,,,,
SUPRA,인건비,기본급,SUPRA,1743102,163073,190128,148071,147398,148071,140042,167571,160118,160118,127334,109394,81784
MLB,인건비,성과급충당금,경영지원,8848658,712879,549359,1015498,597527,742606,1132462,649507,677116,672396,752918,706401,639989
MLB,인건비,성과급충당금,MLB,10844016,1019110,897106,778458,999328,999206,892089,941079,859556,949318,793961,913758,801047
KIDS,인건비,성과급충당금,KIDS,1341681,127108,121431,193484,134689,145973,127092,58273,85678,90768,67124,96371,93690
DISCOVERY,인건비,성과급충당금,DISCOVERY,219632,,,,,,,,58789,7646,17794,67524,67879
DUVETICA,인건비,성과급충당금,DUVETICA,599693,64689,54689,108639,112644,105210,83743,72997,-7147,-3208,-1110,2577,5970
SUPRA,인건비,성과급충당금,SUPRA,638660,86066,65817,55451,55367,62868,52204,52834,45301,8145,50804,72261,31542
MLB,인건비,성과급충당금,경영지원,8847294,,,8847294,,,,,,,,,
MLB,인건비,성과급충당금,MLB,13218040,,,13218040,,,,,,,,,
KIDS,인건비,성과급충당금,KIDS,1822301,,,1822301,,,,,,,,,
DISCOVERY,인건비,성과급충당금,DISCOVERY,0,,,,,,,,,,,,
DUVETICA,인건비,성과급충당금,DUVETICA,1251721,,,1251721,,,,,,,,,
SUPRA,인건비,성과급충당금,SUPRA,806553,,,806553,,,,,,,,,
MLB,인건비,성과급충당금,MLB,-27287878,,,-27287878,,,,,,,,,
MLB,인건비,Red pack,경영지원,1477396,0,1477396,0,,,,,,,,,
MLB,인건비,Red pack,MLB,2216927,,2216927,,,,,,,,,,
KIDS,인건비,Red pack,KIDS,301316,,301316,,,,,,,,,,
DISCOVERY,인건비,Red pack,DISCOVERY,0,,,,,,,,,,,,
DUVETICA,인건비,Red pack,DUVETICA,205002,,205002,,,,,,,,,,
SUPRA,인건비,Red pack,SUPRA,77681,,77681,,,,,,,,,,
MLB,인건비,잡급,MLB,441320,33441,36433,40000,36629,36567,36686,34740,38239,36408,40022,37710,34445
MLB,복리후생비,5대보험,경영지원,4007423,321524,323818,339328,301213,302546,316055,308664,397048,350782,350782,348730,346933
MLB,복리후생비,5대보험,MLB,7758839,641921,618422,603009,572615,590071,571435,572785,767728,710127,720314,696162,694250
KIDS,복리후생비,5대보험,KIDS,1246483,93141,93141,88860,84101,88678,89660,80037,126265,123812,118180,127161,133447
DISCOVERY,복리후생비,5대보험,DISCOVERY,376947,,,,,,,,44756,54230,58207,108553,111201
DUVETICA,복리후생비,5대보험,DUVETICA,513233,73352,73352,77870,69217,72740,72535,72127,2040,0,,,
SUPRA,복리후생비,5대보험,SUPRA,411682,41791,47678,37819,34992,37010,35989,41428,31866,29380,29380,27948,16401
MLB,복리후생비,공적금,경영지원,1814627,143266,143266,147862,141920,139877,144977,139488,181279,158863,158863,157903,157063
MLB,복리후생비,공적금,MLB,3607319,291502,278667,268514,278714,274666,265983,265333,361253,332086,336849,325556,328196
KIDS,복리후생비,공적금,KIDS,572726,41735,41735,39815,40691,38510,39590,37250,59009,57739,55104,59304,62244
DISCOVERY,복리후생비,공적금,DISCOVERY,176274,,,,,,,,20930,25360,27220,50763,52001
DUVETICA,복리후생비,공적금,DUVETICA,236210,32897,32897,34923,33603,33603,33603,33603,1081,0,,,
SUPRA,복리후생비,공적금,SUPRA,190465,18742,21382,16961,16961,16961,16961,19301,14976,13740,13740,13070,7670
공통,복리후생비,송년회,송년회-사무실,1548376,1602000,-53624,0,0,0,0,0,0,0,0,0,0
공통,복리후생비,송년회,송년회-매장,404124,0,404124,0,0,0,0,0,0,0,0,0,0
공통,복리후생비,팀빌딩,팀빌딩-부서,262502,21061,0,6340,15540,30175,12060,11867,24443,32069,1865,0,107082
공통,복리후생비,팀빌딩,팀빌딩-사무실,73440,0,0,0,0,0,0,73440,0,0,0,0,0
공통,복리후생비,식대,간식,697879,47436,71102,47795,66869,72391,55783,59192,58725,61373,51465,44138,61610
공통,복리후생비,식대,야근식대,105192,5896,5613,4516,10844,5499,4840,7697,6473,5395,7309,7337,33773
공통,복리후생비,식대,교육식대,18439,0,0,320,2763,0,0,2062,640,4728,1358,3482,3086
공통,복리후생비,식대,임원식대,155491,21022,4716,5204,5961,2282,0,1363,638,12362,11768,1224,88951
공통,복리후생비,건강검진,,477596,0,0,0,0,0,0,0,0,0,0,0,477596
공통,복리후생비,보험비,,681362,0,0,0,0,277912,253567,0,0,0,0,0,149883
공통,복리후생비,생일&명절,,983607,228104,56285,91437,-21728,6400,94550,6697,7365,138897,144154,146564,84882
공통,복리후생비,인력 지인추천(사무실/매장직원),,16000,0,0,0,16000,0,0,0,0,0,0,0,0
공통,복리후생비,장애인고용 미달비용,,16457,0,0,0,0,0,0,0,0,16457,0,0,0
공통,복리후생비,"장기근속(여행티켓,숙박비)",,464000,0,0,157000,0,0,158000,0,0,158000,-2000,0,-7000
공통,복리후생비,워크샵,,320736,0,0,0,0,0,0,0,0,0,83020,235902,1814
공통,복리후생비,주재원지원금,항공권,244342,1821,0,22345,65828,4641,13648,19605,16382,11483,63818,0,24771
공통,복리후생비,주재원지원금,자녀교육비,1350776,97997,76210,87102,107593,98367,71417,67057,186270,152517,116240,145003,145003
공통,복리후생비,주재원지원금,주택임차료 (관리비포함),2217301,164853,153969,177462,185467,184300,198800,215827,201397,192000,185226,179000,179000
공통,복리후생비,주재원지원금,"전기,수도,통신비 등",129505,10462,21089,9354,11168,7110,12944,5133,12366,6694,12953,3748,16484
공통,복리후생비,주재원지원금,자기개발비(훈련비),162703,9556,28200,14263,21524,14800,3000,19343,0,0,19000,8000,25017
공통,복리후생비,주재원지원금,건강검진&보험,213964,0,0,0,0,23875,512,146807,19114,26868,1834,-5046,0
공통,복리후생비,주재원지원금,비자&이사비용,45100,2000,800,2000,10500,0,5800,4300,4900,13200,0,900,700
MLB,광고비,APP,,38756928,7169555,1632062,814139,4451260,2000000,0,0,1142732,4667075,4953195,5948910,5978000
MLB,광고비,ACC,,40604880,10078496,2470764,1941058,1341551,383102,0,1000000,11253279,6724653,3000000,2411977,0
MLB,광고비,Retailing,,8722947,1568069,104880,1114425,1041860,82492,83334,77504,2133278,1150445,1200000,83334,83326
MLB,광고비,Branding,,34088649,3205167,3560651,3403941,2586582,2586137,2739821,2535035,3482006,2656582,2556582,2234563,2541582
MLB,광고비,CRM ,,1882159,296295,90250,118487,90250,103453,99193,150030,38494,99238,563644,135500,97325
MLB,광고비,Products,,2967129,251250,238923,109922,144112,21349,79562,296129,0,288849,569128,394548,573357
MLB,광고비,Others Product requested,,0,,,,,,,,,,,,
KIDS,광고비,Campaign,,9385265,530000,0,1629388,345738,1060970,345121,280333,735951,2457167,1150597,700000,150000
KIDS,광고비,Retailing,,45189,4300,8484,4000,3333,5520,4000,2760,8792,4000,0,0,0
KIDS,광고비,Branding,,1296435,280333,70333,280333,29884,70333,64658,0,14387,279999,67000,72175,67000
KIDS,광고비,Product,,498506,78379,41019,96535,59054,26926,27949,23120,0,38661,53052,26810,27001
DISCOVERY,광고비,CAMPAIGN,,12838144,,,,,,,,150000,1410600,3825289,4746520,2705735
DISCOVERY,광고비,Branding,,0,,,,,,,,,,,,
DISCOVERY,광고비,Retailing,,0,,,,,,,,,,,,
DISCOVERY,광고비,Product,,0,,,,,,,,,,,,
DUVETICA,광고비,Campaign,,4811103,1700000,1700000,568000,400000,400000,0,0,-5428,-10,48516,0,25
DUVETICA,광고비,Retailing,,82722,0,13148,2300,56474,10800,0,0,0,0,0,,
DUVETICA,광고비,Branding,,435405,122791,140013,113871,19343,39387,0,0,0,0,0,,
SUPRA,광고비,Campaign,,2784904,0,1360000,0,778120,0,0,0,189416,377355,80002,0,11
SUPRA,광고비,Retailing,,50962,8280,0,4742,0,690,32854,0,0,4396,0,,
SUPRA,광고비,Branding,,513109,111757,176553,59022,0,80777,85000,0,0,0,0,,
MLB,수주회,MLB,SS,210548,,210548,,,,,,,,,,
MLB,수주회,MLB,FW,8450117,,,,,,8657620,,-207503,,,,
KIDS,수주회,KIDS,SS,0,,,,,,,,,,,,
KIDS,수주회,KIDS,FW,347068,,,,,,,347068,,,,,
DISCOVERY,수주회,DISCOVERY,SS,0,,,,,,,,,,,,
DISCOVERY,수주회,DISCOVERY,FW,979138,,,,,,,,,979138,,,
DUVETICA,수주회,DUVETICA,SS,307370,307370,,,,,,,,,,,
DUVETICA,수주회,DUVETICA,FW,0,,,,,,,,,,,,
SUPRA,수주회,SUPRA,SS,241911,,241911,,,,,,,,,,
SUPRA,수주회,SUPRA,FW,0,,,,,,,,,,,,
MLB,감가상각비,MLB,유형자산 감가상각비,932174,83906,71769,75316,80316,88807,78120,76954,79025,71311,73207,76934,76509
KIDS,감가상각비,KIDS,유형자산 감가상각비,39496,,3982,3829,3829,3829,3829,3829,3816,3369,3369,3369,2446
DISCOVERY,감가상각비,DISCOVERY,유형자산 감가상각비,0,,,,,,,,,,,,
SUPRA,감가상각비,SUPRA,유형자산 감가상각비,11638,,710,710,710,710,710,1348,1348,1348,1348,1348,1348
DUVETICA,감가상각비,DUVETICA,유형자산 감가상각비,11856,,1482,1482,1482,1482,1482,741,741,741,741,741,741
MLB,감가상각비,MLB,무형자산 상각비,2120239,189814,189606,189990,171889,173514,173514,173514,173514,173514,173514,173514,164342
KIDS,감가상각비,KIDS,무형자산 상각비,0,,,,,,,,,,,,
DISCOVERY,감가상각비,DISCOVERY,무형자산 상각비,0,,,,,,,,,,,,
SUPRA,감가상각비,SUPRA,무형자산 상각비,2288,,208,208,208,208,208,208,208,208,208,208,208
MLB,감가상각비,MLB,인테리어 상각비,2723869,225725,229331,225518,225894,225574,224006,225967,249188,261624,264210,260493,106339
KIDS,감가상각비,KIDS,인테리어 상각비,1603,,315,212,182,107,100,141,132,134,126,94,60
DISCOVERY,감가상각비,DISCOVERY,인테리어 상각비,30,,,,,,,,0,0,3,18,9
SUPRA,감가상각비,SUPRA,인테리어 상각비,44,,24,12,-5,33,-3,-10,-4,-3,0,-2,2
공통,임차료,사무실임차료,3층,2995542,0,272322,272322,272322,272322,272322,272322,272322,272322,272322,272322,272322
공통,임차료,사무실임차료,35층,5868780,489065,489065,489065,489065,489065,489065,489065,489065,489065,489065,489065,489065
공통,임차료,사무실임차료,35층 (2024.10.15),294581,0,0,0,0,0,0,0,0,0,62017,116282,116282
공통,임차료,사무실임차료,39층,7088224,589161,589161,589161,589161,589161,589161,589161,589161,589161,589161,589161,607453
공통,임차료,사무실임차료,38층(25년 신규),0,0,0,0,0,0,0,0,0,0,0,0,0
공통,임차료,관리비,,2186820,175282,177507,177831,173818,175331,175831,175056,188542,195276,189025,193234,190087
공통,세금과공과,증치세 부가 지방세,,10427181,2814012,0,0,0,1840572,1321000,626454,0,1231817,74334,178694,2340298
공통,세금과공과,인지세,,2671675,341391,176977,221101,165506,115702,132402,259115,287724,325603,224283,153218,268653
공통,차량렌트비,KIA,,124185,10333,10333,10333,11700,9008,10354,10354,10354,10354,10354,10354,10354
공통,차량렌트비,ALPHA,,397512,33000,33000,33000,33168,33168,33168,33168,33168,33168,33168,33168,33168
공통,차량렌트비,차량유지비,,62677,8630,7294,-491,6744,6732,2406,8889,4445,7162,5390,2675,2801
MLB,출장비,국내출장비,MGT,210620,13224,8357,-38623,59710,-12685,60213,30007,5537,10429,2225,70642,1584
MLB,출장비,국내출장비,재무,-6,,,,,,,,0,-6,,,
MLB,출장비,국내출장비,법무,5122,,,,,,,,,334,,4788,0
MLB,출장비,국내출장비,Business Operation,0,,,,,,,,,,,,
MLB,출장비,국내출장비,Procurement,10776,204,,,,,,,0,7222,129,3221,0
MLB,출장비,국내출장비,Supply Chain,13939,1339,-82,1848,804,-34,,1163,2161,1895,2710,975,1160
MLB,출장비,국내출장비,마케팅,76325,1887,2731,0,12982,-383,0,13175,3931,1811,23840,6640,9711
MLB,출장비,국내출장비,BD,3450,,,,629,-36,,,2344,80,,433,
MLB,출장비,국내출장비,온라인,34788,7109,4123,-67,13695,1862,1246,146,1005,1803,1304,156,2406
MLB,출장비,국내출장비,상품기획(MP),2808,1610,1198,,,,,,,,,,
MLB,출장비,국내출장비,Wholesale,248061,27310,2030,32269,78622,11932,5719,24911,14506,25511,21894,15220,-11863
MLB,출장비,국내출장비,리테일,24310,,,,,,,6943,5614,-1119,1945,7383,3544
MLB,출장비,국내출장비,VMD,39767,323,4303,10714,10916,220,0,6493,1389,3602,1807,,
MLB,출장비,국내출장비,MD,42991,116,0,14906,22475,43,0,0,3122,-448,0,2777,0
MLB,출장비,국내출장비,인테리어,504551,37581,118,52915,28190,3462,8286,33832,2917,35839,63301,53161,184949
MLB,출장비,국내출장비,유통MD(MO),12263,,,4638,7628,-54,,,,51,0,,
KIDS,출장비,국내출장비,MD,132,,,,,,,,,,,132,
KIDS,출장비,국내출장비,Wholesale,28645,0,0,0,495,7176,0,281,0,8858,6836,4917,82
KIDS,출장비,국내출장비,리테일,10458,,2525,228,76,-85,0,370,2636,377,1187,2772,372
KIDS,출장비,국내출장비,마케팅,2608,,,,216,,1217,,,,764,,411
KIDS,출장비,국내출장비,인테리어,7875,0,0,0,0,0,0,0,0,,7875,,
KIDS,출장비,국내출장비,Kids Department,21659,,,,,,,,,427,6420,6028,8784
KIDS,출장비,국내출장비,VMD,37544,213,-12,4994,5644,1500,843,3287,1834,7289,9669,2283,
DISCOVERY,출장비,국내출장비,MD,41914,,,,,,,,3703,-2357,13205,13848,13515
DISCOVERY,출장비,국내출장비,Wholesale,3666,,,,,,,,,,,3422,244
DISCOVERY,출장비,국내출장비,마케팅,49290,,,,,,,,,,30478,9438,9374
DISCOVERY,출장비,국내출장비,인테리어,12917,,,,,,,,,1292,,5415,6210
DISCOVERY,출장비,국내출장비,온라인,0,,,,,,,,,,,,
DISCOVERY,출장비,국내출장비,리테일,0,,,,,,,,,,,,
DISCOVERY,출장비,국내출장비,VMD,36791,,,,,,,,,,2291,6773,27727
DUVETICA,출장비,국내출장비,MD,6599,,,6484,8664,-8681,,,132,0,,,
DUVETICA,출장비,국내출장비,인테리어,12360,9195,392,-32,2864,-59,,,,,,,
DUVETICA,출장비,국내출장비,VMD,16419,1238,,,14135,890,,,2458,-2302,,,
SUPRA,출장비,국내출장비,MD,4583,4016,567,,,,,,,,,,
SUPRA,출장비,국내출장비,Wholesale,1244,1244,,,,,,,,,,,
SUPRA,출장비,국내출장비,인테리어,20934,17505,-135,1772,,403,0,1389,,,,,
SUPRA,출장비,국내출장비,VMD,25213,16231,4206,3174,-18,566,831,,,,,223,0
MLB,출장비,해외출장비,MGT,41594,0,0,67,0,,24226,2803,4906,4005,5587,0,0
MLB,출장비,해외출장비,Business Operation,26348,,,,,3026,4752,15877,0,,,2693,
MLB,출장비,해외출장비,IT,13339,,,,,0,9042,4297,,,,,
MLB,출장비,해외출장비,Process Innovation,11150,,,,,0,3793,7131,,226,0,,
MLB,출장비,해외출장비,BP,0,,,,,,,,,,,,
MLB,출장비,해외출장비,BD,4214,,,,,0,2939,0,,,,,1275
MLB,출장비,해외출장비,온라인,64594,,,,,0,45765,14196,2292,2341,,,
MLB,출장비,해외출장비,상품기획(MP),8125,,,,,0,8125,0,,,,,
MLB,출장비,해외출장비,Wholesale,52785,0,0,0,0,0,49317,3468,0,0,0,0,0
MLB,출장비,해외출장비,리테일,0,,,,,,,,,,,,
MLB,출장비,해외출장비,VMD,49003,,,,,0,48793,210,,,,,
MLB,출장비,해외출장비,MD,309398,0,38590,83473,21129,0,74261,11358,11542,0,56840,347,11858
MLB,출장비,해외출장비,마케팅,57801,0,0,0,0,0,44329,8343,5140,-11,0,0,0
MLB,출장비,해외출장비,인테리어,152446,,,,3668,,126164,1473,,,,11934,9207
MLB,출장비,해외출장비,유통MD(MO),53757,,,,,0,52465,1292,,,,,
KIDS,출장비,해외출장비,MD,40693,,,,,0,5150,10989,,,,162,24392
KIDS,출장비,해외출장비,Kids Department,13165,,,,,,,,,,,3271,9894
KIDS,출장비,해외출장비,Wholesale,0,,,,,,,,,,,,
KIDS,출장비,해외출장비,마케팅,0,,,,,,,,,,,,
KIDS,출장비,해외출장비,인테리어,0,,,,,,,,,,,,
KIDS,출장비,해외출장비,VMD,1500,,,,1500,,,,2184,-2184,,,
DISCOVERY,출장비,해외출장비,MD,92932,,,,,,,,6043,-4011,32400,873,57627
DISCOVERY,출장비,해외출장비,온라인,0,,,,,,,,,,,,
DISCOVERY,출장비,해외출장비,리테일,0,,,,,,,,,,,,
DISCOVERY,출장비,해외출장비,Wholesale,0,,,,,,,,,,,,
DISCOVERY,출장비,해외출장비,마케팅,6136,,,,,,,,6136,,,,0
DISCOVERY,출장비,해외출장비,인테리어,1983,,,,,,,,,,,1983,
DISCOVERY,출장비,해외출장비,VMD,3013,,,,,,,,3013,,,,
DUVETICA,출장비,해외출장비,MD,48194,,,,8619,31227,22,3881,4456,-11,,,
SUPRA,출장비,해외출장비,MD,22221,,,,5653,,10459,6109,,,,,
SUPRA,출장비,해외출장비,VMD,2178,,,,,,,,,2178,,,
공통,기타,접대비,,499699,110503,43817,21915,-337,33366,10344,19729,25795,76443,39197,46694,72233
공통,기타,사무용품비,,460092,47478,37456,46007,42800,41701,18928,27917,31824,56791,29759,47049,32382
공통,기타,여비교통비,,426733,39876,33198,40461,38730,30249,4613,4847,64893,43495,36463,41617,48291
공통,기타,통신비,,21845,2219,1383,1745,1255,7789,1245,1351,1705,0,365,1388,1400
공통,기타,물류비,,307514,0,41906,46645,25139,19127,23655,23784,22098,23430,25416,25613,30701
공통,기타,교육비,,74763,0,55000,450,45,0,0,0,45,0,0,19223,0
MLB,지급수수료,인테리어 개발,사무실개조,65385,1785,0,0,44300,0,0,0,0,19300,0,0,0
DISCOVERY,지급수수료,인테리어 개발,SI 개념 전력,0,,,,,,,,,,,,
MLB,지급수수료,인테리어 개발,부분개발,229768,30000,0,20000,9000,10000,20300,10322,3800,15000,0,16863,94483
KIDS,지급수수료,인테리어 개발,부분개발,187100,0,100000,,,,21800,59300,,6000,,,
DISCOVERY,지급수수료,인테리어 개발,부분개발,0,,,,,,,,,,,,
DISCOVERY,지급수수료,인테리어 개발,인테리어,156300,0,0,0,0,0,0,0,0,,15000,129800,11500
DUVETICA,지급수수료,인테리어 개발,인테리어,229500,90000,120000,30000,,15000,,,,-8500,-17000,,
SUPRA,지급수수료,인테리어 개발,인테리어,595300,50000,200000,0,158000,68800,50000,30000,0,0,38500,,
MLB,지급수수료,인테리어 개발,이미지 개발,1348026,0,614000,30000,136800,270000,94500,40878,60428,33500,17220,-24300,75000
KIDS,지급수수료,인테리어 개발,이미지 개발,0,,,,,,,,,,,,
DISCOVERY,지급수수료,인테리어 개발,이미지 개발,0,,,,,,,,,,,,
MLB,지급수수료,인테리어 개발,Showroom,87400,0,0,0,0,0,0,0,0,0,0,87400,0
KIDS,지급수수료,인테리어 개발,Showroom,0,,,,,,,,,,,,
DISCOVERY,지급수수료,인테리어 개발,Showroom,0,,,,,,,,,,,,
MLB,지급수수료,인테리어 개발,VMD 개발,0,,,,,,,,,,,,
KIDS,지급수수료,인테리어 개발,VMD 개발,0,,,,,,,,,,,,
DISCOVERY,지급수수료,인테리어 개발,VMD 개발,0,,,,,,,,,,,,
공통,지급수수료,인사,직영매장 채용비,172748,0,0,22344,0,29379,15792,18544,0,42733,4000,11037,28919
공통,지급수수료,인사,사무실 직원 채용비,1145764,64157,7528,7414,147664,14337,92903,7409,62168,32848,8047,100839,600450
공통,지급수수료,인사,컨설팅 비용,40094,0,0,0,0,40094,0,0,0,0,0,0,0
공통,지급수수료,인사,장애인 서비스 비용,45324,3777,3777,3777,3777,3777,3777,3777,3777,3777,3777,3777,3777
공통,지급수수료,인사,HR Platinum 시스템,26295,1425,1425,1425,1425,1425,1425,1425,3264,3264,3264,3264,3264
공통,지급수수료,재무,감사비,663947,0,0,170000,0,9830,168678,0,-19239,169678,0,0,165000
공통,지급수수료,재무,APA,481992,0,0,121992,0,0,120000,0,0,120000,0,0,120000
공통,지급수수료,재무,Tax,135675,69249,6249,-5161,1959,6915,7018,8965,7005,6987,6562,9927,10000
공통,지급수수료,재무,SAP 유지보수 비용,357385,25264,-22578,26895,36532,36475,36421,36411,36490,36531,36692,36126,36126
공통,지급수수료,재무,G3 연간 유지보수 비용,2830,0,2830,0,0,0,0,0,0,0,0,0,0
공통,지급수수료,재무,계약서번역,38670,0,0,94,0,0,461,0,16135,158,18922,0,2900
공통,지급수수료,재무,폐기 관련 감사비용,0,,,,,,,,,,,,
공통,지급수수료,재무,폐기관련 세무 컨설팅 비용,0,,,,,,,,,,,,
공통,지급수수료,법무,법무 컨설팅 비용,94344,7862,7862,7862,7862,7862,7862,7862,7862,7862,7862,7862,7862
공통,지급수수료,법무,하드케이스 컨설팅 비용,62500,12500,12500,12500,12500,12500,0,0,0,0,0,0,0
공통,지급수수료,법무,온라인 감시 비용,60570,5155,5155,9021,5155,6014,6014,6014,6014,6014,6014,0,0
공통,지급수수료,법무,샘플 구매,748346,31895,19082,104449,100728,104604,39783,43408,55020,72229,56716,68923,51509
공통,지급수수료,법무,"증명서 발급비용(증명서, 번역)",17915,15450,0,0,0,0,0,366,0,0,0,2099,0
공통,지급수수료,법무,Wolters Kluwer 법률정보 데이터베이스,10594,0,0,0,0,0,10594,0,0,0,0,0,0
공통,지급수수료,법무,상표권,-127000,0,0,0,0,0,0,0,0,0,0,0,-127000
공통,지급수수료,Supply Chain,QA 서비스,66364,0,3062,0,0,47300,14111,0,0,0,0,4372,-2481
공통,지급수수료,Supply Chain,RFID 서비스,309432,199234,0,0,36733,9183,9183,9183,0,18367,9183,9183,9183
공통,지급수수료,Supply Chain,폐기 서비스 비용,227332,38195,0,0,5552,0,0,27741,0,30434,0,125410,0
공통,지급수수료,Supply Chain,창고 이전 비용,387813,0,0,0,0,0,0,0,0,0,387813,0,0
공통,지급수수료,Supply Chain,AEO,0,0,0,0,0,0,0,0,0,0,0,0,0
공통,지급수수료,Supply Chain,업체 QA 서비스,0,0,0,0,0,0,0,0,0,0,0,0,0
공통,지급수수료,Supply Chain,VAS 수리비용 (Credit notes 반품),702168,0,0,0,0,0,0,0,0,0,0,0,702168
공통,지급수수료,Office Service,사무실 유지보수,21754,4000,0,875,6710,2200,1323,163,2025,1494,2964,0,0
공통,지급수수료,Office Service,시즌 클리닝,51028,7160,11289,0,9791,0,0,11975,0,0,10813,0,0
공통,지급수수료,Office Service,포스터 체인지,14606,14606,0,0,0,0,0,0,0,0,0,0,0
공통,지급수수료,Office Service,신규 사무실 유지보수,17193,0,0,0,0,0,0,17193,0,0,0,0,0
공통,IT수수료,시스템 유지보수비용,BOS(직영),140908,7862,7862,7862,7862,7862,14514,14514,14514,14514,14514,14514,14514
공통,IT수수료,시스템 유지보수비용,BOS(대리상),0,0,0,0,0,0,0,0,0,0,0,0,0
공통,IT수수료,시스템 유지보수비용,BI,24000,2000,2000,2000,2000,2000,2000,2000,2000,2000,2000,2000,2000
공통,IT수수료,시스템 유지보수비용,OA,65966,4488,4488,4488,4488,4488,6218,6218,6218,6218,6218,6218,6218
공통,IT수수료,OMS,,344979,46153,29309,0,0,76214,17155,15261,55775,14165,28709,14165,48073
공통,IT수수료,CN SAP,연간 유지보수비용 (IT),3052824,254402,254402,254402,254402,254402,254402,254402,254402,254402,254402,254402,254402
공통,IT수수료,CN SAP,연간 유지보수비용 (PI),295190,0,0,0,49198,32799,16399,32799,32799,32799,32799,32799,32799
공통,IT수수료,CN SAP,"업그레이드 비용(확장,인터페이스 등)",461729,90241,153944,108113,-33600,103869,39440,-54339,126971,58258,43666,-8960,-165874
공통,IT수수료,Data Server,Ali클라우드,225702,17587,26995,26760,17735,24110,15620,15620,16035,16310,16310,16310,16310
공통,IT수수료,Data Server,aws클라우드,11873,0,0,1095,0,0,0,1559,1559,1559,2983,1559,1559
공통,IT수수료,Data Server,anchnet서버,58152,4198,4198,4198,4198,4198,4198,5494,5494,5494,5494,5494,5494
공통,IT수수료,Data Server,읽기쓰기 분리 연사용료,20726,0,0,0,0,0,3145,3145,2904,2883,2883,2883,2883
공통,IT수수료,Data Server,NAS유지보수,8490,0,4115,4375,0,0,0,0,0,0,0,0,0
공통,IT수수료,보안시스템 (방화벽),보안시스템 (방화벽),175107,0,0,0,0,0,0,0,0,0,176455,-1348,0
공통,IT수수료,보안시스템 (방화벽),공홈 SSL증서,5376,2970,0,0,0,2406,0,0,0,0,0,0,0
공통,IT수수료,온라인 스토어 오픈비용,,307392,-11584,133737,4329,135722,8557,9434,107151,-73427,-6527,0,0,0
공통,IT수수료,네트워크&ASDL설치,인터페이스,48300,0,0,0,0,0,48300,0,0,0,0,0,0
공통,IT수수료,네트워크&ASDL설치,사무실 IT설비,0,0,0,0,0,0,0,0,0,0,0,0,0
공통,IT수수료,네트워크&ASDL설치,사무실 전기공사 (신규 확장),98250,0,0,0,0,0,90943,7307,0,0,0,0,0
공통,IT수수료,네트워크&ASDL설치,Office Hardware Upgrade,0,0,0,0,0,0,0,0,0,0,0,0,0
공통,IT수수료,사무실 소프트웨어,Adobe(PS/AI) license,30531,0,0,0,30531,0,0,0,0,0,0,0,0
공통,IT수수료,사무실 소프트웨어,MS office,114415,-6485,0,0,0,0,0,20150,20150,20150,20150,20150,20150
공통,IT수수료,사무실 소프트웨어,POLYCOM 영상통화,28612,0,0,0,0,9505,9057,0,545,0,0,9505,0
공통,IT수수료,사무실 소프트웨어,VPN,106420,0,0,10642,10642,10642,10642,10642,10642,10642,10642,10642,10642
공통,IT수수료,사무실 소프트웨어,ADSL 사용료,57482,0,0,0,638,0,18048,0,0,0,6528,32268,0
공통,IT수수료,사무실 소프트웨어,ZHIXINGLI APP,117522,8396,0,24220,9434,9434,9434,9434,9434,9434,9434,9434,9434
공통,IT수수료,API (인터페이스 관련),,0,0,0,0,0,0,0,0,0,0,0,0,0
공통,IT수수료,"OA （AI, 페이퍼리스 등 기능 업그레이드)",,29245,0,20000,0,0,0,0,0,0,9245,0,0,0
공통,IT수수료,DX 경쟁상품 데이터 구매 (항목 변경),,0,0,0,0,0,0,0,0,0,0,0,0,0
공통,IT수수료,RMS 반품 개발 시스템 (항목 변경),,0,0,0,0,0,0,0,0,0,0,0,0,0
공통,IT수수료,데이터 수집 허가비용,,0,0,0,0,0,0,0,0,0,0,0,0,0
공통,IT수수료,구매 입찰 시스템 (기존 수기),,0,0,0,0,0,0,0,0,0,0,0,0,0
공통,IT수수료,하이브리드 클라우드 아키텍처 최적화,,0,0,0,0,0,0,0,0,0,0,0,0,0
공통,IT수수료,"정보보안 감사, 원격 백업서비스",,0,0,0,0,0,0,0,0,0,0,0,0,0
공통,IT수수료,온라인플랫폼 서비스 비용,데이터 구매&운영,1471341,194278,0,29309,268587,29309,29309,29592,29592,194607,226080,52091,388587
공통,IT수수료,온라인플랫폼 서비스 비용,트랜드 데이터 구매,667399,13836,13836,5034,13638,13375,43146,43146,42725,155257,14137,12211,297058
공통,IT수수료,온라인플랫폼 서비스 비용,CRM(New Provider),2667320,296295,90250,264011,145523,158726,154466,205304,145523,154512,709338,190773,152599
공통,IT수수료,매장 DP점검 외주용역,,290869,0,0,0,0,0,0,0,0,124340,80925,0,85604
공통,IT수수료,재고실사 서비스비용,,0,0,0,0,0,0,0,0,0,0,0,0,0
공통,IT수수료,골프 회원 교환권,,0,0,0,0,0,0,0,0,0,0,0,0,0
