사업부구분(중국어),대분류(중국어),중분류(중국어),소분류(중국어),사업부구분,대분류,중분류,소분류, 2026년 연간 ,조정,조정후 예산,,,
MLB,工资,Basic Salary,MLB,MLB,인건비,기본급,MLB,"40,091,372","2,131,684","42,223,056",,,
MLB,工资,Basic Salary,supporting,MLB,인건비,기본급,경영지원,"25,021,220",,"25,021,220",,,
KIDS,工资,Basic Salary,KIDS,KIDS,인건비,기본급,KIDS,"6,248,137","627,011","6,875,148",,,
DISCOVERY,工资,Basic Salary,DISCOVERY,DISCOVERY,인건비,기본급,DISCOVERY,"13,905,038","-2,573,435","11,331,603",,,
MLB,工资,Bonus,MLB,MLB,인건비,성과급충당금,MLB,"11,151,795",,"11,151,795",,,
MLB,工资,Bonus,supporting,MLB,인건비,성과급충당금,경영지원,"6,709,854",,"6,709,854",,,
KIDS,工资,Bonus,KIDS,KIDS,인건비,성과급충당금,KIDS,"1,614,780",,"1,614,780",,,
DISCOVERY,工资,Bonus,DISCOVERY,DISCOVERY,인건비,성과급충당금,DISCOVERY,"3,525,470",,"3,525,470",,,
MLB,工资,Bonus,MLB,MLB,인건비,성과급충당금,MLB,"-2,492,189",,"-2,492,189",,,
MLB,工资,Bonus,supporting,MLB,인건비,성과급충당금,경영지원,"-1,241,796",,"-1,241,796",,,
KIDS,工资,Bonus,KIDS,KIDS,인건비,성과급충당금,KIDS,"-592,185",,"-592,185",,,
DISCOVERY,工资,Bonus,DISCOVERY,DISCOVERY,인건비,성과급충당금,DISCOVERY,"-1,191,429",,"-1,191,429",,,
MLB,工资,Red pack,supporting,MLB,인건비,Red pack,경영지원,"1,604,865",,"1,604,865",,,
MLB,工资,Red pack,MLB,MLB,인건비,Red pack,MLB,"2,830,968",,"2,830,968",,,
KIDS,工资,Red pack,KIDS,KIDS,인건비,Red pack,KIDS,"437,234",,"437,234",,,
DISCOVERY,工资,Red pack,DISCOVERY,DISCOVERY,인건비,Red pack,DISCOVERY,"558,788",,"558,788",,,
MLB,工资,"司机,清扫",MLB,MLB,인건비,잡급,MLB,"531,138",,"531,138",,,
MLB,福利费,5险,supporting,MLB,복리후생비,5대보험,경영지원,"5,487,432","-1,281,549","4,205,883",,,
MLB,福利费,5险,MLB,MLB,복리후생비,5대보험,MLB,"8,725,119",,"8,725,119",,,
KIDS,福利费,5险,KIDS,KIDS,복리후생비,5대보험,KIDS,"1,527,540",,"1,527,540",,,
DISCOVERY,福利费,5险,DISCOVERY,DISCOVERY,복리후생비,5대보험,DISCOVERY,"2,468,608",,"2,468,608",,,
MLB,福利费,公积金,supporting,MLB,복리후생비,공적금,경영지원,"2,561,444",,"2,561,444",,,
MLB,福利费,公积金,MLB,MLB,복리후생비,공적금,MLB,"4,072,749",,"4,072,749",,,
KIDS,福利费,公积金,KIDS,KIDS,복리후생비,공적금,KIDS,"713,280",,"713,280",,,
DISCOVERY,福利费,公积金,DISCOVERY,DISCOVERY,복리후생비,공적금,DISCOVERY,"1,152,744",,"1,152,744",,,
共同,福利费,Annual Party,Office,공통,복리후생비,송년회,송년회-사무실,"1,399,999","-103,385","1,296,614",,,
共同,福利费,Annual Party,Store,공통,복리후생비,송년회,송년회-매장,"300,000",0,"300,000",,,
共同,福利费,TB,部门,공통,복리후생비,팀빌딩,팀빌딩-부서,"272,136","-82,875","189,261",,,
共同,福利费,TB,Office,공통,복리후생비,팀빌딩,팀빌딩-사무실,"72,000",0,"72,000",,,
共同,福利费,餐费,Admin Office Meal,공통,복리후생비,식대,간식,"579,564",0,"579,564",,,
共同,福利费,餐费,加班餐费,공통,복리후생비,식대,야근식대,"110,908","38,181","149,089",,,
共同,福利费,餐费,巡店餐费,공통,복리후생비,식대,외근식대,"4,800",0,"4,800",,,
共同,福利费,餐费,培训餐费,공통,복리후생비,식대,교육식대,"14,160",0,"14,160",,,
共同,福利费,餐费,管理层用餐,공통,복리후생비,식대,임원식대,"195,000",0,"195,000",,,
共同,福利费,体检,,공통,복리후생비,건강검진,,"432,000",,"432,000",,,
共同,福利费,Birthday & Holiday,,공통,복리후생비,생일&명절,,"895,861",0,"895,861",,,
共同,福利费,员工推荐,,공통,복리후생비,인력 지인추천,,"24,000",0,"24,000",,,"4,701,848"
共同,福利费,残保金,,공통,복리후생비,장애인고용 미달비용,,0,0,0,,,"4,701,848"
共同,福利费,周年旅游福利,,공통,복리후생비,장기근속,,"739,000",0,"739,000",,, - 
共同,福利费,Outing,,공통,복리후생비,워크샵,,"496,000","-133,191","362,809",,,
共同,福利费,KR Staff Benefits,机票福利,공통,복리후생비,주재원지원금,항공권,"537,300","-76,845","460,455",,,
共同,福利费,KR Staff Benefits,子女教育费,공통,복리후생비,주재원지원금,자녀교육비,"1,371,542",0,"1,371,542",,,
共同,福利费,KR Staff Benefits,租金，管理费,공통,복리후생비,주재원지원금,주택임차료 (관리비포함),"2,497,080",0,"2,497,080",,,
共同,福利费,KR Staff Benefits,其他生活支出（水电&ADSL&phone）,공통,복리후생비,주재원지원금,"전기,수도,통신비 등","137,000",0,"137,000",,,
共同,福利费,KR Staff Benefits,锻炼费,공통,복리후생비,주재원지원금,자기개발비(훈련비),"180,000",0,"180,000",,,
共同,福利费,KR Staff Benefits,体检&保险,공통,복리후생비,주재원지원금,건강검진&보험,"265,081",0,"265,081",,,
共同,福利费,KR Staff Benefits,签证&搬迁,공통,복리후생비,주재원지원금,비자&이사비용,"26,138",0,"26,138",,,
MLB,广告费,APP,,MLB,광고비,APP,,"64,030,014","-605,321","63,424,693",,,
MLB,广告费,ACC,,MLB,광고비,ACC,,"41,575,469",,"41,575,469",,,
MLB,广告费,Retailing,,MLB,광고비,Retailing,,"13,693,104",,"13,693,104",,,
MLB,广告费,Branding,,MLB,광고비,Branding,,"36,679,643",,"36,679,643",,,
MLB,广告费,CRM ,,MLB,광고비,CRM ,,0,,0,,,
MLB,广告费,Products,,MLB,광고비,Products,,"3,440,000",,"3,440,000",,,
MLB,广告费,Others Product requested,,MLB,광고비,Others Product requested,,"777,341","-431,185","346,156",,,
KIDS,广告费,Campaign,,KIDS,광고비,Campaign,,"14,800,000",,"14,800,000",,,
KIDS,广告费,Retailing,,KIDS,광고비,Retailing,,"620,000",,"620,000",,,
KIDS,广告费,Branding,,KIDS,광고비,Branding,,"1,683,996",,"1,683,996",,,
KIDS,广告费,Product,,KIDS,광고비,Product,,"515,000",,"515,000",,,
DISCOVERY,广告费,Campaign,,DISCOVERY,광고비,CAMPAIGN,,"26,296,429","6,796,694","33,093,123",,,
DISCOVERY,广告费,Branding,,DISCOVERY,광고비,Branding,,"6,206,000",,"6,206,000",,,
DISCOVERY,广告费,Retailing,,DISCOVERY,광고비,Retailing,,"1,687,640",,"1,687,640",,,
DISCOVERY,广告费,Product,,DISCOVERY,광고비,Product,,"800,000",,"800,000",,,
MLB,订货会,MLB,FW,MLB,수주회,MLB,FW,"6,200,000","3,607,953","9,807,953",,,
MLB,订货会,MLB,SS,MLB,수주회,MLB,SS,"7,258,868",,"7,258,868",,,
KIDS,订货会,KIDS,FW,KIDS,수주회,KIDS,FW,"360,000","510,799","870,799",,,
KIDS,订货会,KIDS,SS,KIDS,수주회,KIDS,SS,"512,000",,"512,000",,,
DISCOVERY,订货会,DISCOVERY,FW,DISCOVERY,수주회,DISCOVERY,FW,"700,000","-36,416","663,584",,,
DISCOVERY,订货会,DISCOVERY,SS,DISCOVERY,수주회,DISCOVERY,SS,"700,000",,"700,000",,,
MLB,折旧费,MLB,固定资产折旧费,MLB,감가상각비,MLB,유형자산 감가상각비,"930,071",,"930,071",,,
KIDS,折旧费,KIDS,固定资产折旧费,KIDS,감가상각비,KIDS,유형자산 감가상각비,0,,,,,
DISCOVERY,折旧费,DISCOVERY,固定资产折旧费,DISCOVERY,감가상각비,DISCOVERY,유형자산 감가상각비,0,,,,,
MLB,折旧费,MLB,无形资产折旧费,MLB,감가상각비,MLB,무형자산 상각비,"2,031,648","131,180","2,162,828",,,
KIDS,折旧费,KIDS,无形资产折旧费,KIDS,감가상각비,KIDS,무형자산 상각비,0,,,,,
DISCOVERY,折旧费,DISCOVERY,无形资产折旧费,DISCOVERY,감가상각비,DISCOVERY,무형자산 상각비,0,,,,,
MLB,折旧费,MLB,装修折旧费,MLB,감가상각비,MLB,인테리어 상각비,"1,518,648",,"1,518,648",,,
KIDS,折旧费,KIDS,装修折旧费,KIDS,감가상각비,KIDS,인테리어 상각비,0,,,,,
DISCOVERY,折旧费,DISCOVERY,装修折旧费,DISCOVERY,감가상각비,DISCOVERY,인테리어 상각비,0,,,,,
共同,租金,租赁费,L3,공통,임차료,사무실임차료,3층,0,,0,,,
共同,租金,租赁费,L35,공통,임차료,사무실임차료,35층,"5,868,780","4,668","5,873,448",,,
共同,租金,租赁费,L35 (2024.10.15),공통,임차료,사무실임차료,35층 (2024.10.15),"1,395,384",,"1,395,384",,,
共同,租金,租赁费,L39,공통,임차료,사무실임차료,39층,"7,289,436",,"7,289,436",,,
共同,租金,租赁费,L38 (25年),공통,임차료,사무실임차료,38층(25년 신규),"5,841,708",,"5,841,708",,,
共同,租金,管理费,,공통,임차료,관리비,,"2,554,248",,"2,554,248",,,
共同,Tax,附加税,,공통,세금과공과,증치세 부가 지방세,,"11,820,943","3,919,185","15,740,128",,,
共同,Tax,印花税,,공통,세금과공과,인지세,,"2,477,059",0,"2,477,059",,,
共同,车辆费,KIA,,공통,차량렌트비,KIA,,"110,496",0,"110,496",,,
共同,车辆费,ALPHA,,공통,차량렌트비,ALPHA,,"398,016",0,"398,016",,,
共同,车辆费,加油费，停车费等,,공통,차량렌트비,차량유지비,,"67,200","-21,575","45,625",,,
MLB,出差费,国内差旅费,MGT,MLB,출장비,국내출장비,MGT,"62,202",0,"62,202",,,
MLB,出差费,国内差旅费,Finance,MLB,출장비,국내출장비,재무,"1,506",0,"1,506",,,
MLB,出差费,国内差旅费,Legal,MLB,출장비,국내출장비,법무,624,0,624,,,
MLB,出差费,国内差旅费,Admin,MLB,출장비,국내출장비,Admin,0,0,0,,,
MLB,出差费,国内差旅费,Business Operation,MLB,출장비,국내출장비,Business Operation,"24,970",0,"24,970",,,
MLB,出差费,国内差旅费,Procurement,MLB,출장비,국내출장비,Procurement,"10,788",0,"10,788",,,
MLB,出差费,国内差旅费,Supply Chain,MLB,출장비,국내출장비,Supply Chain,"21,827",0,"21,827",,,
MLB,出差费,国内差旅费,MKT,MLB,출장비,국내출장비,마케팅,"21,222",0,"21,222",,,
MLB,出差费,国内差旅费,BD,MLB,출장비,국내출장비,BD,"3,744",0,"3,744",,,
MLB,出差费,国内差旅费,EC,MLB,출장비,국내출장비,온라인,"44,939",0,"44,939",,,
MLB,出差费,国内差旅费,MP,MLB,출장비,국내출장비,상품기획(MP),0,0,0,,,
MLB,出差费,国内差旅费,Wholesale,MLB,출장비,국내출장비,Wholesale,"290,862",0,"290,862",,,
MLB,出差费,国内差旅费,Retail,MLB,출장비,국내출장비,리테일,"28,864",0,"28,864",,,
MLB,出差费,国内差旅费,VMD,MLB,출장비,국내출장비,VMD,"52,432",0,"52,432",,,
MLB,出差费,国内差旅费,MD,MLB,출장비,국내출장비,MD,"63,666",0,"63,666",,,
MLB,出差费,国内差旅费,INT,MLB,출장비,국내출장비,인테리어,"329,560",0,"329,560",,,
MLB,出差费,国内差旅费,MO,MLB,출장비,국내출장비,유통MD(MO),"9,986",0,"9,986",,,
KIDS,出差费,国内差旅费,MD,KIDS,출장비,국내출장비,MD,"6,240",0,"6,240",,,
KIDS,出差费,国内差旅费,Wholesale,KIDS,출장비,국내출장비,Wholesale,"64,911",0,"64,911",,,
KIDS,出差费,国内差旅费,Retail,KIDS,출장비,국내출장비,리테일,"24,964",0,"24,964",,,
KIDS,出差费,国内差旅费,MKT,KIDS,출장비,국내출장비,마케팅,"9,986",0,"9,986",,,
KIDS,出差费,国内差旅费,INT,KIDS,출장비,국내출장비,인테리어,"12,485",0,"12,485",,,
KIDS,出差费,国内差旅费,Kids Department,KIDS,출장비,국내출장비,Kids Department,0,0,0,,,
KIDS,出差费,国内差旅费,VMD,KIDS,출장비,국내출장비,VMD,"172,270",0,"172,270",,,
DISCOVERY,出差费,国内差旅费,MD,DISCOVERY,출장비,국내출장비,MD,"544,272","-280,014","264,258",,,
DISCOVERY,出差费,国内差旅费,Wholesale,DISCOVERY,출장비,국내출장비,Wholesale,"109,853",0,"109,853",,,
DISCOVERY,出差费,国内差旅费,MKT,DISCOVERY,출장비,국내출장비,마케팅,"32,455",0,"32,455",,,
DISCOVERY,出差费,国内差旅费,INT,DISCOVERY,출장비,국내출장비,인테리어,"82,390",0,"82,390",,,
DISCOVERY,出差费,国内差旅费,EC,DISCOVERY,출장비,국내출장비,온라인,"2,497",0,"2,497",,,
DISCOVERY,出差费,国内差旅费,Retail,DISCOVERY,출장비,국내출장비,리테일,0,0,0,,,
DISCOVERY,出差费,国内差旅费,VMD,DISCOVERY,출장비,국내출장비,VMD,"67,413",0,"67,413",,,
MLB,出差费,海外差旅费,MGT,MLB,출장비,해외출장비,MGT,"84,700",0,"84,700",,,
MLB,出差费,海外差旅费,Business Operation,MLB,출장비,해외출장비,Business Operation,"74,760",0,"74,760",,,
MLB,出差费,海外差旅费,IT,MLB,출장비,해외출장비,IT,0,0,0,,,
MLB,出差费,海外差旅费,Finance,MLB,출장비,해외출장비,재무,"21,390",0,"21,390",,,
MLB,出差费,海外差旅费,Procument,MLB,출장비,해외출장비,Procument,0,0,0,,,
MLB,出差费,海外差旅费,BD,MLB,출장비,해외출장비,BD,0,0,0,,,
MLB,出差费,海外差旅费,Supply Chain,MLB,출장비,해외출장비,Supply Chain,0,0,0,,,
MLB,出差费,海外差旅费,EC,MLB,출장비,해외출장비,온라인,"8,710",0,"8,710",,,
MLB,出差费,海外差旅费,MP,MLB,출장비,해외출장비,상품기획(MP),0,0,0,,,
MLB,出差费,海外差旅费,Wholesale,MLB,출장비,해외출장비,Wholesale,0,0,0,,,
MLB,出差费,海外差旅费,Retail,MLB,출장비,해외출장비,리테일,0,0,0,,,
MLB,出差费,海外差旅费,VMD,MLB,출장비,해외출장비,VMD,0,0,0,,,
MLB,出差费,海外差旅费,MD,MLB,출장비,해외출장비,MD,"147,245",0,"147,245",,,
MLB,出差费,海外差旅费,MKT,MLB,출장비,해외출장비,마케팅,0,0,0,,,
MLB,出差费,海外差旅费,INT,MLB,출장비,해외출장비,인테리어,"40,360",0,"40,360",,,
MLB,出差费,海外差旅费,MO,MLB,출장비,해외출장비,유통MD(MO),0,0,0,,,
KIDS,出差费,海外差旅费,MD,KIDS,출장비,해외출장비,MD,"91,860",0,"91,860",,,
KIDS,出差费,海外差旅费,Retail,KIDS,출장비,해외출장비,리테일,0,0,0,,,
KIDS,出差费,海外差旅费,Wholesale,KIDS,출장비,해외출장비,Wholesale,0,0,0,,,
KIDS,出差费,海外差旅费,MKT,KIDS,출장비,해외출장비,마케팅,0,0,0,,,
KIDS,出差费,海外差旅费,INT,KIDS,출장비,해외출장비,인테리어,0,0,0,,,
KIDS,出差费,海外差旅费,VMD,KIDS,출장비,해외출장비,VMD,0,0,0,,,
DISCOVERY,出差费,海外差旅费,MD,DISCOVERY,출장비,해외출장비,MD,"257,555","-58,170","199,385",,,
DISCOVERY,出差费,海外差旅费,EC,DISCOVERY,출장비,해외출장비,온라인,0,0,0,,,
DISCOVERY,出差费,海外差旅费,Retail,DISCOVERY,출장비,해외출장비,리테일,0,0,0,,,
DISCOVERY,出差费,海外差旅费,Wholesale,DISCOVERY,출장비,해외출장비,Wholesale,0,0,0,,,
DISCOVERY,出差费,海外差旅费,MKT,DISCOVERY,출장비,해외출장비,마케팅,0,0,0,,,
DISCOVERY,出差费,海外差旅费,INT,DISCOVERY,출장비,해외출장비,인테리어,0,0,0,,,
DISCOVERY,出差费,海外差旅费,VMD,DISCOVERY,출장비,해외출장비,VMD,0,0,0,,,
共同,其他,招待费,,공통,기타,접대비,,"333,200","-30,390","302,810",,,
共同,其他,办公用品,,공통,기타,사무용품비,,"373,219","-3,457","369,762",,,
共同,其他,市内交通费,,공통,기타,여비교통비,,"393,367","80,663","474,031",,,
共同,其他,通信费,,공통,기타,통신비,,"24,664","-6,940","17,724",,,
共同,其他,快递费,,공통,기타,택배비,,"453,000","28,185","481,185",,,
共同,其他,培训费,,공통,기타,교육비,,"100,180",40,"100,220",,,
DISCOVERY,commission,INT,MD模具开发,DISCOVERY,지급수수료,인테리어 개발,MD금형개발,"690,000","214,078","904,078",,,
MLB,commission,INT,形象开发,MLB,지급수수료,인테리어 개발,이미지 개발,"987,902","2,411","990,313",,,
KIDS,commission,INT,形象开发,KIDS,지급수수료,인테리어 개발,이미지 개발,"196,500","23,400","219,900",,,
DISCOVERY,commission,INT,形象开发,DISCOVERY,지급수수료,인테리어 개발,이미지 개발,"465,202","-13,252","451,950",,,
MLB,commission,INT,Showroom,MLB,지급수수료,인테리어 개발,Showroom,"209,400",,"209,400",,,
KIDS,commission,INT,Showroom,KIDS,지급수수료,인테리어 개발,Showroom,"79,000",,"79,000",,,
DISCOVERY,commission,INT,Showroom,DISCOVERY,지급수수료,인테리어 개발,Showroom,"157,800",,"157,800",,,
MLB,commission,INT,VMD,MLB,지급수수료,인테리어 개발,VMD 개발,0,,0,,,
KIDS,commission,INT,VMD,KIDS,지급수수료,인테리어 개발,VMD 개발,0,,0,,,
DISCOVERY,commission,INT,VMD,DISCOVERY,지급수수료,인테리어 개발,VMD 개발,"234,000","-66,816","167,184",,,
共同,commission,HR,直营店招聘,공통,지급수수료,인사,직영매장 채용비,"50,004","-39,554","10,450",,,
共同,commission,HR,办公室招聘,공통,지급수수료,인사,사무실 직원 채용비,"800,000",,"800,000",,,
共同,commission,HR,咨询服务费,공통,지급수수료,인사,컨설팅 비용,"41,981",,"41,981",,,
共同,commission,HR,残保金服务费,공통,지급수수료,인사,장애인 서비스 비용,"57,660",,"57,660",,,
共同,commission,HR,HR Platinum 系统,공통,지급수수료,인사,HR Platinum 시스템,"40,500",,"40,500",,,
共同,commission,财务,审计-季度,공통,지급수수료,재무,감사비,"780,000","-27,107","752,893",,,
共同,commission,财务,APA,공통,지급수수료,재무,APA,0,,,,,
共同,commission,财务,Tax,공통,지급수수료,재무,Tax,"120,000",,"120,000",,,
共同,commission,财务,SAP 维护费,공통,지급수수료,재무,SAP 유지보수 비용,"420,000",,"420,000",,,
共同,commission,财务,G3 Service,공통,지급수수료,재무,G3 연간 유지보수 비용,"3,000",,"3,000",,,
共同,commission,财务,Document Translator,공통,지급수수료,재무,계약서번역,"80,000",,"80,000",,,
共同,commission,财务,审计-销毁相关,공통,지급수수료,재무,폐기 관련 감사비용,"30,000",,"30,000",,,
共同,commission,财务,Tax-销毁相关税务,공통,지급수수료,재무,폐기관련 세무 컨설팅 비용,"400,000",,"400,000",,,
共同,commission,财务,IC相关,공통,지급수수료,재무,내부회계 감사비용,"230,000",,"230,000",,,
共同,commission,法务,法律顾问,공통,지급수수료,법무,법무 컨설팅 비용,"103,776",,"103,776",,,
共同,commission,法务,线上监测服务,공통,지급수수료,법무,온라인 감시 비용,"114,965",,"114,965",,,
共同,commission,法务,样品采买-假货,공통,지급수수료,법무,샘플 구매,"1,063,884","77,566","1,141,450",,,
共同,commission,法务,资料费,공통,지급수수료,법무,"증명서 발급비용(증명서, 번역)","4,000",,"4,000",,,
共同,commission,法务,Wolters Kluwer 信息库,공통,지급수수료,법무,Wolters Kluwer 법률정보 데이터베이스,"22,698",,"22,698",,,
共同,commission,法务,商标费,공통,지급수수료,법무,상표권,0,,,,,
共同,commission,Supply Chain,QA Service,공통,지급수수료,Supply Chain,QA 서비스,"73,791",0,"73,791",,,
共同,commission,Supply Chain,RFID Service,공통,지급수수료,Supply Chain,RFID 서비스,"153,144",0,"153,144",,,
共同,commission,Supply Chain,销毁服务,공통,지급수수료,Supply Chain,재고소각비용,"153,140","3,316,048","3,469,188",,,
共同,commission,Supply Chain,AI project,공통,지급수수료,Supply Chain,AI 프로젝트,"58,750",0,"58,750",,,
共同,commission,Supply Chain,QA Service,공통,지급수수료,Supply Chain,QA 서비스,0,0,0,,,
共同,commission,Supply Chain,VAS-Repair,공통,지급수수료,Supply Chain,VAS 수리비용,"1,024,198",0,"1,024,198",,,
共同,commission,Office Service,Office Maintain,공통,지급수수료,Office Service,사무실 유지보수,"23,400",0,"23,400",,,
共同,commission,Office Service,Seasonal Clean,공통,지급수수료,Office Service,시즌 클리닝,"44,000","-10,649","33,351",,,
共同,IT手续费,系统维护费,BOS(直营),공통,IT수수료,시스템 유지보수비용,BOS(직영),"316,534",,"316,534",,,
共同,IT手续费,系统维护费,BOS(代理商),공통,IT수수료,시스템 유지보수비용,BOS(대리상),"47,170",,"47,170",,,
共同,IT手续费,系统维护费,BI,공통,IT수수료,시스템 유지보수비용,BI,"24,000",,"24,000",,,
共同,IT手续费,系统维护费,OA,공통,IT수수료,시스템 유지보수비용,OA,"104,176",,"104,176",,,
共同,IT手续费,OMS,Old,공통,IT수수료,OMS,Old,"166,077",,"166,077",,,
共同,IT手续费,OMS,New,공통,IT수수료,OMS,New,"1,113,731","-610,000","503,731",,,
共同,IT手续费,CN SAP,维护费 (IT),공통,IT수수료,CN SAP,연간 유지보수비용 (IT),"3,375,314",,"3,375,314",,,
共同,IT手续费,CN SAP,维护费 (PI),공통,IT수수료,CN SAP,연간 유지보수비용 (PI),"69,486",,"69,486",,,
共同,IT手续费,CN SAP,upgrade,공통,IT수수료,CN SAP,"업그레이드 비용(확장,인터페이스 등)","390,242",,"390,242",,,
共同,IT手续费,Data Server,阿里云,공통,IT수수료,Data Server,Ali클라우드,"578,110",,"578,110",,,
共同,IT手续费,Data Server,AWS云,공통,IT수수료,Data Server,aws클라우드,"119,188",,"119,188",,,
共同,IT手续费,Data Server,安畅,공통,IT수수료,Data Server,anchnet서버,"75,594",,"75,594",,,
共同,IT手续费,Data Server,读写分离,공통,IT수수료,Data Server,읽기쓰기 분리 연사용료,0,,0,,,
共同,IT手续费,Data Server,NAS维保,공통,IT수수료,Data Server,NAS유지보수,"8,491",,"8,491",,,
共同,IT手续费,Anti-virus Wall,防火墙服务,공통,IT수수료,보안시스템 (방화벽),보안시스템 (방화벽),"183,846",,"183,846",,,
共同,IT手续费,Anti-virus Wall,官网SSL证书,공통,IT수수료,보안시스템 (방화벽),공홈 SSL증서,"7,547",,"7,547",,,
共同,IT手续费,Office Hardware&Construction,新仓系统对接,공통,IT수수료,네트워크&ASDL설치,인터페이스,0,,0,,,
共同,IT手续费,Office Hardware&Construction,办公室IT装修,공통,IT수수료,네트워크&ASDL설치,사무실 IT설비,0,,0,,,
共同,IT手续费,Office Hardware&Construction,办公室弱电工程,공통,IT수수료,네트워크&ASDL설치,사무실 전기공사,0,,0,,,
共同,IT手续费,Office Hardware&Construction,Office Hardware Upgrade,공통,IT수수료,네트워크&ASDL설치,Office Hardware Upgrade,0,,0,,,
共同,IT手续费,Office Software,Adobe(PS/AI) license,공통,IT수수료,사무실 소프트웨어,Adobe(PS/AI) license,"72,642",,"72,642",,,
共同,IT手续费,Office Software,MS office,공통,IT수수료,사무실 소프트웨어,MS office,"208,020",,"208,020",,,
共同,IT手续费,Office Software,POLYCOM视频专线,공통,IT수수료,사무실 소프트웨어,POLYCOM 영상통화,"36,227",,"36,227",,,
共同,IT手续费,Office Software,VPN,공통,IT수수료,사무실 소프트웨어,VPN,"130,864",,"130,864",,,
共同,IT手续费,Office Software,ADSL 使用费,공통,IT수수료,사무실 소프트웨어,ADSL 사용료,"54,411",,"54,411",,,
共同,IT手续费,Office Software,ZHIXINGLI APP,공통,IT수수료,사무실 소프트웨어,ZHIXINGLI APP,0,,0,,,
共同,IT手续费,API,,공통,IT수수료,API (인터페이스 관련),,0,,0,,,
共同,IT手续费,OA,,공통,IT수수료,OA(AI기능/자동화도입),,"346,510",,"346,510",,,
共同,IT手续费,E-Commerce,DX 竞品数据购买,공통,IT수수료,온라인플랫폼 서비스 비용,DX 경쟁상품 데이터 구매,0,,0,,,
共同,IT手续费,AI & 识别系统,,공통,IT수수료,AI식별시스템,,"1,188,112",,"1,188,112",,,
共同,IT手续费,Snowflake,,공통,IT수수료,Snowflake,,"396,228",,"396,228",,,
共同,IT手续费,搬仓相关 interface,,공통,IT수수료,창고이전 후 인터페이스,,0,"345,000","345,000",,,
共同,IT手续费,维保(New),,공통,IT수수료,유지보수 (New),,"60,848",,"60,848",,,
共同,IT手续费,RMS,,공통,IT수수료,RMS 반품 개발 시스템,,"99,999",,"99,999",,,
共同,IT手续费,数据收集许可,,공통,IT수수료,데이터 수집 허가비용,,"330,187",,"330,187",,,
共同,IT手续费,混合云架构优化,,공통,IT수수료,하이브리드 클라우드 아키텍처 최적화,,0,,0,,,
共同,IT手续费,信息安全审计，备案合规，异地备份（云安全巡检）,,공통,IT수수료,"정보보안 감사, 원격 백업서비스",,"191,827",,"191,827",,,
,,,,공통,IT수수료,DLP(사내정보 유출방지 시스템),,,"168,939","168,939",,,
,,,,공통,IT수수료,SAP재고관리시스템,,,"144,000","144,000",,,
共同,IT手续费,E-Commerce,数据采买&运营,공통,IT수수료,온라인플랫폼 서비스 비용,데이터 구매&운영,"1,690,712","766,125","2,456,837",,,
共同,IT手续费,E-Commerce,潮流数据采买,공통,IT수수료,온라인플랫폼 서비스 비용,트랜드 데이터 구매,"71,172",,"71,172",,,
共同,IT手续费,E-Commerce,CRM(New Provider),공통,IT수수료,온라인플랫폼 서비스 비용,CRM(New Provider),"1,085,104",,"1,085,104",,,
共同,commission,盘点服务费,,공통,지급수수료,재고실사 서비스비용,,"980,000","23,465","1,003,465",,,
共同,commission,高尔夫会员更换费,,공통,지급수수료,골프 회원 연회비,,"5,000",,"5,000",,,
共同,commission,零售培训软件服务,,공통,지급수수료,리테일 교육 소프트웨어,,"213,480","-8,898","204,582",,,
共同,commission,保险服务,D&O,공통,지급수수료,보험비,임직원상업보험,"113,352",0,"113,352",,,
共同,commission,保险服务,员工商业保险,공통,지급수수료,보험비,임원배상책임보험,"638,320","-54,001","584,319",,,
共同,commission,市场监测服务费,,공통,지급수수료,매장 DP점검 외주용역,,"515,579","-96,821","418,759",,,
