사업부구분,대분류,중분류,소분류,2026년 연간,26년1월,26년2월,26년3월,26년4월,26년5월,26년6월,26년7월,26년8월,26년9월,26년10월,26년11월,26년12월
MLB,인건비,기본급,경영지원,24401715.22,1992259.53,1993316.78,2242942.11,2080567.702,2079130.482,2051595.293,2051595.293,2051595.293,1968096.968,1964807.808,1964354.268,1961453.688
MLB,인건비,기본급,MLB,39818927.83,3311121.81,3307037.93,3538088.655,3542985.135,3548883.185,3343542.679,3342673.409,3340896.029,3144192.58,3133748.67,3129220.69,3136537.06
KIDS,인건비,기본급,KIDS,6238582.388,496434.76,496434.76,524278.2748,524278.2748,524278.2748,524278.2748,524278.2748,524278.2748,524278.2748,524278.2748,524278.2748,527208.3948
DISCOVERY,인건비,기본급,DISCOVERY,13713992.46,982979.94,976630.37,1064222.978,1064377.188,1062618.708,1197821.356,1195249.276,1199333.156,1247555.143,1241874.413,1240920.083,1240409.853
MLB,인건비,성과급충당금,경영지원,6709853.917,576831.1158,576831.1158,569763.7508,569763.7508,569763.7508,562696.3858,562696.3858,562696.3858,539702.8189,539702.8189,539702.8189,539702.8189
MLB,인건비,성과급충당금,MLB,11151796.3,966335.0733,966335.0733,975442.2365,975442.2365,975442.2365,927504.9786,927504.9786,927504.9786,877571.1275,877571.1275,877571.1275,877571.1275
KIDS,인건비,성과급충당금,KIDS,1614777.086,134564.7572,134564.7572,134564.7572,134564.7572,134564.7572,134564.7572,134564.7572,134564.7572,134564.7572,134564.7572,134564.7572,134564.7572
DISCOVERY,인건비,성과급충당금,DISCOVERY,3525469.46,275559.258,275559.258,283505.616,283505.616,283505.616,307223.6945,307223.6945,307223.6945,315170.0525,295664.3199,295664.3199,295664.3199
MLB,인건비,성과급충당금,경영지원,8178605.06,,,8178605.06,,,,,,,,,
MLB,인건비,성과급충당금,MLB,6052530.926,,,6052530.926,,,,,,,,,
KIDS,인건비,성과급충당금,KIDS,1216049.321,,,1216049.321,,,,,,,,,
DISCOVERY,인건비,성과급충당금,DISCOVERY,1149472.262,,,1149472.262,,,,,,,,,
MLB,인건비,성과급충당금,경영지원,-9420401.15,,,-9420401.15,,,,,,,,,
MLB,인건비,성과급충당금,MLB,-8544719.55,,,-8544719.55,,,,,,,,,
KIDS,인건비,성과급충당금,KIDS,-1808234.38,,,-1808234.38,,,,,,,,,
DISCOVERY,인건비,성과급충당금,DISCOVERY,-2340901.28,,,-2340901.28,,,,,,,,,
MLB,인건비,Red pack,경영지원,1737728.91,,1737728.91,,,,,,,,,,
MLB,인건비,Red pack,MLB,2970548.775,,2970548.775,,,,,,,,,,
KIDS,인건비,Red pack,KIDS,446791.284,,446791.284,,,,,,,,,,
DISCOVERY,인건비,Red pack,DISCOVERY,749833.7154,,749833.7154,,,,,,,,,,
MLB,인건비,잡급,MLB,531135,43500,43500,43500,43500,43500,43500,45022.5,45022.5,45022.5,45022.5,45022.5,45022.5
MLB,복리후생비,5대보험,경영지원,5339138.423,425107.6578,425107.6578,425110.0617,425110.0617,425110.0617,423698.0068,466067.8075,465789.7681,464509.335,464509.335,464509.335,464509.335
MLB,복리후생비,5대보험,MLB,8873411.497,761651.2202,761651.2202,761655.5272,761655.5272,761655.5272,712048.0393,783252.8432,782785.5826,696764.0025,696764.0025,696764.0025,696764.0025
KIDS,복리후생비,5대보험,KIDS,1527538.396,121233.206,121233.206,121233.206,121233.206,121233.206,121233.206,133356.5266,133356.5266,133356.5266,133356.5266,133356.5266,133356.5266
DISCOVERY,복리후생비,5대보험,DISCOVERY,2468607.561,176464.3755,176464.3755,180945.5673,180945.5673,180945.5673,205419.8696,224617.499,224617.499,229546.81,229546.81,229546.81,229546.81
MLB,복리후생비,공적금,경영지원,2492271.152,198342.0411,198342.0411,198343.1555,198343.1555,198343.1555,197677.7651,217653.6661,217523.6162,216925.639,216925.639,216925.639,216925.639
MLB,복리후생비,공적금,MLB,4141922.008,355362.8236,355362.8236,355364.8203,355364.8203,355364.8203,332208.4663,365779.0778,365560.5216,325388.4586,325388.4586,325388.4586,325388.4586
KIDS,복리후생비,공적금,KIDS,713282.7475,56602.96,56602.96,56602.96,56602.96,56602.96,56602.96,62277.49792,62277.49792,62277.49792,62277.49792,62277.49792,62277.49792
DISCOVERY,복리후생비,공적금,DISCOVERY,1152747.357,82395.09091,82395.09091,84487.45455,84487.45455,84487.45455,95914.97947,104895.3132,104895.3132,107197.3014,107197.3014,107197.3014,107197.3014
공통,복리후생비,송년회,송년회-사무실,1600000,1600000,0,0,0,0,0,0,0,0,0,0,0
공통,복리후생비,송년회,송년회-매장,400000,0,400000,0,0,0,0,0,0,0,0,0,0
공통,복리후생비,팀빌딩,팀빌딩-부서,272136,23184,23184,23276,23276,23276,22908,22908,22908,21804,21804,21804,21804
공통,복리후생비,팀빌딩,팀빌딩-사무실,72000,0,0,0,0,0,0,0,0,0,72000,0,0
공통,복리후생비,식대,간식,579563.55,49361.625,49361.625,49555.2,49555.2,49555.2,48780.9,48780.9,48780.9,46458,46458,46458,46458
공통,복리후생비,식대,야근식대,110906.52,9105.04,9105.04,9138.1,9172.9,9172.9,9406.06,9406.06,9406.06,9248.59,9248.59,9248.59,9248.59
공통,복리후생비,식대,외근식대,4800,400,400,400,400,400,400,400,400,400,400,400,400
공통,복리후생비,식대,교육식대,14160,0,0,600,6480,0,0,0,0,7080,0,0,0
공통,복리후생비,식대,임원식대,195000,16250,16250,16250,16250,16250,16250,16250,16250,16250,16250,16250,16250
공통,복리후생비,건강검진,,432000,0,0,0,0,0,0,0,0,0,0,0,432000
공통,복리후생비,보험비,,638320.1,0,0,0,0,638320.1,0,0,0,0,0,0,0
공통,복리후생비,생일&명절,,895860.5664,83882,83150,38736,46444.69027,151200,25560,43043.18584,0,252000,57844.69027,48000,66000
공통,복리후생비,인력 지인추천(사무실/매장직원),,24000,0,0,6000,0,0,6000,0,0,6000,0,0,6000
공통,복리후생비,장애인고용 미달비용,,0,0,0,0,0,0,0,0,0,0,0,0,0
공통,복리후생비,"장기근속(여행티켓,숙박비)",,739000,184750,0,0,184750,0,0,184750,0,0,184750,0,0
공통,복리후생비,워크샵,,496000,0,0,0,0,256000,0,0,0,0,240000,0,0
공통,복리후생비,주재원지원금,항공권,537300,0,143100,0,0,143100,0,0,108000,0,0,0,143100
공통,복리후생비,주재원지원금,자녀교육비,1371543.678,126385.9067,126385.9067,126385.9067,126385.9067,126385.9067,72554.32667,54254.32667,89808.13831,130749.3383,130749.3383,130749.3383,130749.3383
공통,복리후생비,주재원지원금,주택임차료 (관리비포함),2497080,208090,208090,208090,208090,208090,208090,208090,208090,208090,208090,208090,208090
공통,복리후생비,주재원지원금,"전기,수도,통신비 등",137000,12250,12250,10250,10250,10250,12250,12250,12250,10250,10250,12250,12250
공통,복리후생비,주재원지원금,자기개발비(훈련비),180000,0,0,45000,0,0,45000,0,0,45000,0,0,45000
공통,복리후생비,주재원지원금,건강검진&보험,265080.5136,0,0,0,0,0,0,233165.62,31914.89362,0,0,0,0
공통,복리후생비,주재원지원금,비자&이사비용,17200,0,0,10400,800,0,0,3600,800,0,0,800,800
MLB,광고비,APP,,64030012,9720988.667,9720988.667,2747950,2824281.833,4656248.333,3892929,4741910,6198154.167,4366187.667,3517206.667,5821583.5,5821583.5
MLB,광고비,ACC,,41575469,0,1984630.333,5190572.333,5190572.333,3205942,3205942,3205942,5177850.833,5177850.833,5177850.833,4058315.5,0
MLB,광고비,Retailing,,13693104,2278782,256639,90238,774944,1522022,165101,240681,2874648,2398887,90238,2166653,834271
MLB,광고비,Branding,,36679643.22,3376107.585,3339922.05,3674922.05,3599922.05,2914922.05,3204922.05,3028035.257,3050878.025,3087878.025,3016378.025,2192878.025,2192878.025
MLB,광고비,CRM ,,0,0,0,0,0,0,0,0,0,0,0,0,0
MLB,광고비,Products,,3440000,244450,266250,236250,236250,263673,348900,280417,281359,290271,280417,280416,431347
MLB,광고비,Others Product requested,,707339.1683,27000,63272.2826,114228.8844,-727.7174041,84478.88437,150228.8844,-41333.33333,45228.88437,117228.8844,48522.2826,18272.2826,80938.94926
KIDS,광고비,Campaign,,14800000,0,600000,1400000,2000000,1800000,0,0,1100000,2200000,3400000,2300000,0
KIDS,광고비,Retailing,,620000,108000,112000,212000,10000,10000,8000,10000,112000,12000,10000,8000,8000
KIDS,광고비,Branding,,1684000.08,280333.34,70333.34,280333.34,70333.34,70333.34,70333.34,280333.34,70333.34,280333.34,70333.34,70333.34,70333.34
KIDS,광고비,Product,,515000,50000,40000,47500,40000,40000,40000,40000,47500,40000,40000,40000,50000
DISCOVERY,광고비,CAMPAIGN,,26296428.2,1327598.667,1327598.667,1327598.667,2596093.667,1896093.667,1896093.667,1516875,2816875,1516875,4144140.4,3086445.4,2844140.4
DISCOVERY,광고비,Branding,,6206000,1135000,785000,714000,295000,1135000,854000,480000,130000,199000,130000,130000,219000
DISCOVERY,광고비,Retailing,,1687640,123970,123970,173970,123970,123970,173970,123970,123970,173970,123970,123970,173970
DISCOVERY,광고비,Product,,800000,0,60000,60000,60000,60000,60000,80000,80000,80000,80000,100000,80000
MLB,수주회,MLB,FW,7258868,7058868,0,200000,,,,,,,,,
MLB,수주회,MLB,SS,6200000,,,,,,,,6000000,0,200000,,
KIDS,수주회,KIDS,FW,512000,452000,0,60000,,,,,,,,,
KIDS,수주회,KIDS,SS,360000,,,,,,,300000,0,60000,,,
DISCOVERY,수주회,DISCOVERY,FW,700000,0,700000,0,,,,,,,,,
DISCOVERY,수주회,DISCOVERY,SS,700000,,,,,,,,,,700000,,
MLB,감가상각비,MLB,유형자산 감가상각비,781787.4103,84552.30644,79946.54117,77159.74644,76799.49756,71532.60894,70093.48783,65699.92894,60749.33578,50306.152,49552.047,48745.06589,46650.69228
KIDS,감가상각비,KIDS,유형자산 감가상각비,0,,,,,,,,,,,,
DISCOVERY,감가상각비,DISCOVERY,유형자산 감가상각비,0,,,,,,,,,,,,
MLB,감가상각비,MLB,무형자산 상각비,2031643.192,169303.5993,169303.5993,169303.5993,169303.5993,169303.5993,169303.5993,169303.5993,169303.5993,169303.5993,169303.5993,169303.5993,169303.5993
KIDS,감가상각비,KIDS,무형자산 상각비,0,,,,,,,,,,,,
DISCOVERY,감가상각비,DISCOVERY,무형자산 상각비,0,,,,,,,,,,,,
MLB,감가상각비,MLB,인테리어 상각비,1479565.2,123297.1,123297.1,123297.1,123297.1,123297.1,123297.1,123297.1,123297.1,123297.1,123297.1,123297.1,123297.1
KIDS,감가상각비,KIDS,인테리어 상각비,0,,,,,,,,,,,,
DISCOVERY,감가상각비,DISCOVERY,인테리어 상각비,0,,,,,,,,,,,,
공통,임차료,사무실임차료,3층,0,0,0,0,0,0,0,0,0,0,0,0,0
공통,임차료,사무실임차료,35층,5868782.88,489065.24,489065.24,489065.24,489065.24,489065.24,489065.24,489065.24,489065.24,489065.24,489065.24,489065.24,489065.24
공통,임차료,사무실임차료,35층 (2024.10.15),1395384.571,116282.0476,116282.0476,116282.0476,116282.0476,116282.0476,116282.0476,116282.0476,116282.0476,116282.0476,116282.0476,116282.0476,116282.0476
공통,임차료,사무실임차료,39층,7289432.32,607452.6933,607452.6933,607452.6933,607452.6933,607452.6933,607452.6933,607452.6933,607452.6933,607452.6933,607452.6933,607452.6933,607452.6933
공통,임차료,사무실임차료,38층(25년 신규),5841710.286,486809.1905,486809.1905,486809.1905,486809.1905,486809.1905,486809.1905,486809.1905,486809.1905,486809.1905,486809.1905,486809.1905,486809.1905
공통,임차료,관리비,,2554252.44,212854.37,212854.37,212854.37,212854.37,212854.37,212854.37,212854.37,212854.37,212854.37,212854.37,212854.37,212854.37
공통,세금과공과,증치세 부가 지방세,,10727971.03,0,0,0,0,1322927.795,1650765.938,0,1228467.534,75012.39745,2614127.595,363261.1935,3473408.578
공통,세금과공과,인지세,,2510538.362,383447.7708,185835.276,227983.1295,120314.1978,86082.29923,84394.43872,200272.5542,314343.6612,314987.9979,245742.0566,173097.6999,174037.2797
공통,차량렌트비,KIA,,110495.04,9207.92,9207.92,9207.92,9207.92,9207.92,9207.92,9207.92,9207.92,9207.92,9207.92,9207.92,9207.92
공통,차량렌트비,ALPHA,,398019.84,33168.32,33168.32,33168.32,33168.32,33168.32,33168.32,33168.32,33168.32,33168.32,33168.32,33168.32,33168.32
공통,차량렌트비,차량유지비,,67200,5600,5600,5600,5600,5600,5600,5600,5600,5600,5600,5600,5600
MLB,출장비,국내출장비,MGT,62200,2862.5,0,5225,7587.5,5225,5225,7587.5,5225,5225,7587.5,5225,5225
MLB,출장비,국내출장비,재무,1506.08,0,0,0,0,0,0,0,0,0,0,0,1506.08
MLB,출장비,국내출장비,법무,624.1666667,0,0,0,0,624.1666667,0,0,0,0,0,0,0
MLB,출장비,국내출장비,Admin,0,0,0,0,0,0,0,0,0,0,0,0,0
MLB,출장비,국내출장비,Business Operation,24966.66667,2496.666667,0,0,2496.666667,2496.666667,2496.666667,2496.666667,2496.666667,2496.666667,2496.666667,2496.666667,2496.666667
MLB,출장비,국내출장비,Procurement,5393.333334,0,0,0,2696.666667,0,0,0,0,2696.666667,0,0,0
MLB,출장비,국내출장비,Supply Chain,21825,1616.666667,808.3333333,2425,1616.666667,1616.666667,2425,1616.666667,1616.666667,1616.666667,1616.666667,2425,2425
MLB,출장비,국내출장비,마케팅,21221.66667,0,0,0,2496.666667,1248.333333,1248.333333,4993.333333,2496.666667,2496.666667,2496.666667,1248.333333,2496.666667
MLB,출장비,국내출장비,BD,3744.999999,0,0,0,0,1248.333333,0,1248.333333,0,1248.333333,0,0,0
MLB,출장비,국내출장비,온라인,44940,0,7490,1248.333333,9986.666667,1248.333333,9986.666667,1248.333333,1248.333333,1248.333333,1248.333333,9986.666667,0
MLB,출장비,국내출장비,상품기획(MP),0,0,0,0,0,0,0,0,0,0,0,0,0
MLB,출장비,국내출장비,Wholesale,290861.6667,9986.666667,7490,33705,33705,33705,33705,33705,33705,33705,14980,14980,7490
MLB,출장비,국내출장비,리테일,28863.33333,0,0,0,2696.666667,0,2696.666667,0,7790,7790,5193.333333,0,2696.666667
MLB,출장비,국내출장비,VMD,52430,0,2496.666667,7490,7490,2496.666667,2496.666667,2496.666667,7490,7490,7490,2496.666667,2496.666667
MLB,출장비,국내출장비,MD,63665.00001,0,0,0,13731.66667,3745,3745,13731.66667,3745,3745,3745,9986.666667,7490
MLB,출장비,국내출장비,인테리어,329560,29960,0,29960,29960,29960,29960,29960,29960,29960,29960,29960,29960
MLB,출장비,국내출장비,유통MD(MO),9986.666666,0,0,0,4993.333333,0,0,0,0,0,4993.333333,0,0
KIDS,출장비,국내출장비,MD,6241.666665,0,0,1248.333333,0,1248.333333,1248.333333,1248.333333,0,1248.333333,0,0,0
KIDS,출장비,국내출장비,Wholesale,64913.33333,4993.333333,0,7490,4993.333333,7490,4993.333333,4993.333333,4993.333333,7490,7490,4993.333333,4993.333333
KIDS,출장비,국내출장비,리테일,24966.66666,0,1248.333333,4993.333333,0,1248.333333,4993.333333,0,1248.333333,4993.333333,0,1248.333333,4993.333333
KIDS,출장비,국내출장비,마케팅,9986.666666,0,0,0,4993.333333,0,0,0,0,4993.333333,0,0,0
KIDS,출장비,국내출장비,인테리어,12483.33334,0,0,0,0,0,0,0,2496.666667,2496.666667,2496.666667,2496.666667,2496.666667
KIDS,출장비,국내출장비,Kids Department,0,0,0,0,0,0,0,0,0,0,0,0,0
KIDS,출장비,국내출장비,VMD,172270,7490,0,14980,14980,14980,14980,14980,14980,14980,14980,22470,22470
DISCOVERY,출장비,국내출장비,MD,544273.3333,0,7490,104860,7490,207223.3333,9986.666667,19973.33333,4993.333333,157290,4993.333333,14980,4993.333333
DISCOVERY,출장비,국내출장비,Wholesale,109853.3333,4993.333333,0,9986.666667,7490,4993.333333,14980,14980,7490,14980,14980,0,14980
DISCOVERY,출장비,국내출장비,마케팅,32456.66667,0,0,7490,0,0,4993.333333,4993.333333,4993.333333,4993.333333,4993.333333,0,0
DISCOVERY,출장비,국내출장비,인테리어,82390,0,0,0,0,0,7490,7490,7490,14980,14980,14980,14980
DISCOVERY,출장비,국내출장비,온라인,2496.666667,0,0,0,2496.666667,0,0,0,0,0,0,0,0
DISCOVERY,출장비,국내출장비,리테일,0,0,0,0,0,0,0,0,0,0,0,0,0
DISCOVERY,출장비,국내출장비,VMD,67410,0,0,2496.666667,2496.666667,2496.666667,9986.666667,2496.666667,2496.666667,9986.666667,22470,9986.666667,2496.666667
MLB,출장비,해외출장비,MGT,84700,0,0,16620,0,8710,8710,8710,0,16620,8710,16620,0
MLB,출장비,해외출장비,Business Operation,74760,10680,0,10680,0,0,10680,10680,10680,10680,0,10680,0
MLB,출장비,해외출장비,IT,0,0,0,0,0,0,0,0,0,0,0,0,0
MLB,출장비,해외출장비,재무,21390,8710,0,0,0,0,12680,0,0,0,0,0,0
MLB,출장비,해외출장비,Process Innovation,0,0,0,0,0,0,0,0,0,0,0,0,0
MLB,출장비,해외출장비,BP,0,0,0,0,0,0,0,0,0,0,0,0,0
MLB,출장비,해외출장비,BD,0,0,0,0,0,0,0,0,0,0,0,0,0
MLB,출장비,해외출장비,온라인,0,0,0,0,0,0,0,0,0,0,0,0,0
MLB,출장비,해외출장비,상품기획(MP),0,0,0,0,0,0,0,0,0,0,0,0,0
MLB,출장비,해외출장비,Wholesale,0,0,0,0,0,0,0,0,0,0,0,0,0
MLB,출장비,해외출장비,리테일,0,0,0,0,0,0,0,0,0,0,0,0,0
MLB,출장비,해외출장비,VMD,0,0,0,0,0,0,0,0,0,0,0,0,0
MLB,출장비,해외출장비,MD,219255,0,0,0,0,75280,0,0,75280,0,0,60865,7830
MLB,출장비,해외출장비,마케팅,0,0,0,0,0,0,0,0,0,0,0,0,0
MLB,출장비,해외출장비,인테리어,40360,0,0,0,0,0,20180,0,0,20180,0,0,0
MLB,출장비,해외출장비,유통MD(MO),0,0,0,0,0,0,0,0,0,0,0,0,0
KIDS,출장비,해외출장비,MD,0,,,,,,,,,,,,
KIDS,출장비,해외출장비,Kids Department,0,0,0,0,0,0,0,0,0,0,0,0,0
KIDS,출장비,해외출장비,Wholesale,91860,0,0,15310,15310,0,15310,15310,0,15310,0,15310,0
KIDS,출장비,해외출장비,마케팅,0,,,,,,,,,,,,
KIDS,출장비,해외출장비,인테리어,0,,,,,,,,,,,,
KIDS,출장비,해외출장비,VMD,0,0,0,0,0,0,0,0,0,0,0,0,0
DISCOVERY,출장비,해외출장비,MD,257555,45050,0,12120,80300,0,12120,62750,14515,12120,0,12120,6460
DISCOVERY,출장비,해외출장비,온라인,0,0,0,0,0,0,0,0,0,0,0,0,0
DISCOVERY,출장비,해외출장비,리테일,0,0,0,0,0,0,0,0,0,0,0,0,0
DISCOVERY,출장비,해외출장비,Wholesale,0,,,,,,,,,,,,
DISCOVERY,출장비,해외출장비,마케팅,0,0,0,0,0,0,0,0,0,0,0,0,0
DISCOVERY,출장비,해외출장비,인테리어,0,0,0,0,0,0,0,0,0,0,0,0,0
DISCOVERY,출장비,해외출장비,VMD,0,0,0,0,0,0,0,0,0,0,0,0,0
공통,기타,접대비,,378700,63300,23500,20500,10500,27300,39000,39000,9000,56000,11300,20500,58800
공통,기타,사무용품비,,346077.92,22100,32719.48,26050,22100,32719.48,27250,22100,32719.48,46250,22100,32719.48,27250
공통,기타,여비교통비,,383365.6,26176.8,26176.8,26344.2,26519.7,26519.7,56279.4,26279.4,26279.4,25562.55,25562.55,35562.55,56102.55
공통,기타,통신비,,24664,1572,1572,1572,1572,7372,1572,1572,1572,1572,1572,1572,1572
공통,기타,물류비,,458000,37750,37750,37750,37750,40250,37750,37750,37750,37750,37750,37750,40250
공통,기타,교육비,,100180,0,0,0,0,0,180,0,0,0,100000,0,0
MLB,지급수수료,인테리어 개발,사무실개조,0,0,0,0,0,0,0,0,0,0,0,0,0
DISCOVERY,지급수수료,인테리어 개발,SI 개념 전력,0,0,0,0,0,0,0,0,0,0,0,0,0
DISCOVERY,지급수수료,인테리어 개발,MD금형개발,690000,80000,20000,90000,20000,20000,0,85000,70000,120000,70000,95000,20000
MLB,지급수수료,인테리어 개발,부분개발,0,,,,,,,,,,,,
KIDS,지급수수료,인테리어 개발,부분개발,0,,,,,,,,,,,,
DISCOVERY,지급수수료,인테리어 개발,부분개발,0,,,,,,,,,,,,
DISCOVERY,지급수수료,인테리어 개발,인테리어,0,,,,,,,,,,,,
MLB,지급수수료,인테리어 개발,이미지 개발,932500,0,0,160875,160875,160875,160875,48166.66667,48166.66667,48166.66667,48166.66667,48166.66667,48166.66667
KIDS,지급수수료,인테리어 개발,이미지 개발,71500,0,0,17875,17875,17875,17875,0,0,0,0,0,0
DISCOVERY,지급수수료,인테리어 개발,이미지 개발,446500,0,0,89250,89250,89250,89250,14916.66667,14916.66667,14916.66667,14916.66667,14916.66667,14916.66667
MLB,지급수수료,인테리어 개발,Showroom,209400,0,0,45900,17925,0,17925,0,17925,45900,0,17925,45900
KIDS,지급수수료,인테리어 개발,Showroom,79000,0,0,0,0,0,79000,0,0,0,0,0,0
DISCOVERY,지급수수료,인테리어 개발,Showroom,157800,0,0,0,7100,136500,0,0,7100,0,0,0,7100
MLB,지급수수료,인테리어 개발,VMD 개발,0,0,0,0,0,0,0,0,0,0,0,0,0
KIDS,지급수수료,인테리어 개발,VMD 개발,0,0,0,0,0,0,0,0,0,0,0,0,0
DISCOVERY,지급수수료,인테리어 개발,VMD 개발,292500,53500,0,0,53500,0,25000,53500,0,53500,0,50000,3500
공통,지급수수료,인사,직영매장 채용비,50000,4166.666667,4166.666667,4166.666667,4166.666667,4166.666667,4166.666667,4166.666667,4166.666667,4166.666667,4166.666667,4166.666667,4166.666667
공통,지급수수료,인사,사무실 직원 채용비,800000,66666.66667,66666.66667,66666.66667,66666.66667,66666.66667,66666.66667,66666.66667,66666.66667,66666.66667,66666.66667,66666.66667,66666.66667
공통,지급수수료,인사,컨설팅 비용,41981.13,0,0,0,0,0,0,0,41981.13,0,0,0,0
공통,지급수수료,인사,장애인 서비스 비용,57655.8,4804.65,4804.65,4804.65,4804.65,4804.65,4804.65,4804.65,4804.65,4804.65,4804.65,4804.65,4804.65
공통,지급수수료,인사,HR Platinum 시스템,40495.2,3374.6,3374.6,3374.6,3374.6,3374.6,3374.6,3374.6,3374.6,3374.6,3374.6,3374.6,3374.6
공통,지급수수료,재무,감사비,780000,0,0,195000,0,0,195000,0,0,195000,0,0,195000
공통,지급수수료,재무,APA,0,0,0,0,0,0,0,0,0,0,0,0,0
공통,지급수수료,재무,Tax,120000,10000,10000,10000,10000,10000,10000,10000,10000,10000,10000,10000,10000
공통,지급수수료,재무,SAP 유지보수 비용,420000,35000,35000,35000,35000,35000,35000,35000,35000,35000,35000,35000,35000
공통,지급수수료,재무,G3 연간 유지보수 비용,2830,0,2830,0,0,0,0,0,0,0,0,0,0
공통,지급수수료,재무,계약서번역,80000,0,0,20000,20000,20000,20000,0,0,0,0,0,0
공통,지급수수료,재무,폐기 관련 감사비용,30000,0,0,0,0,0,15000,0,0,0,0,15000,0
공통,지급수수료,재무,폐기관련 세무 컨설팅 비용,500000,41666.66667,41666.66667,41666.66667,41666.66667,41666.66667,41666.66667,41666.66667,41666.66667,41666.66667,41666.66667,41666.66667,41666.66667
공통,지급수수료,재무,IC관련,200000,0,0,0,0,25000,25000,25000,25000,25000,25000,25000,25000
공통,지급수수료,법무,법무 컨설팅 비용,103773.5849,8647.798742,8647.798742,8647.798742,8647.798742,8647.798742,8647.798742,8647.798742,8647.798742,8647.798742,8647.798742,8647.798742,8647.798742
공통,지급수수료,법무,하드케이스 컨설팅 비용,0,0,0,0,0,0,0,0,0,0,0,0,0
공통,지급수수료,법무,온라인 감시 비용,114965,6472,9863,9863,9863,9863,9863,9863,9863,9863,9863,9863,9863
공통,지급수수료,법무,샘플 구매,1063886.792,88657.2327,88657.2327,88657.2327,88657.2327,88657.2327,88657.2327,88657.2327,88657.2327,88657.2327,88657.2327,88657.2327,88657.2327
공통,지급수수료,법무,"증명서 발급비용(증명서, 번역)",4000,0,0,0,0,0,2000,0,0,0,0,0,2000
공통,지급수수료,법무,Wolters Kluwer 법률정보 데이터베이스,22698.11321,0,0,0,0,0,22698.11321,0,0,0,0,0,0
공통,지급수수료,법무,상표권,0,0,0,0,0,0,0,0,0,0,0,0,0
공통,지급수수료,Supply Chain,QA 서비스,801794.3938,61920.35398,64670.5,61920.35398,61920.35398,61920.35398,61920.35398,61920.35398,61920.35398,61920.35398,61920.35398,61920.35398,117920.354
공통,지급수수료,Supply Chain,RFID 서비스,153144,10267,10267,10267,10267,10267,10267,10267,10267,10267,10267,10267,40207
공통,지급수수료,Supply Chain,폐기 서비스 비용,153140,0,0,0,103140,0,0,0,0,0,0,50000,0
공통,지급수수료,Supply Chain,창고 이전 비용,4000000,0,0,4000000,0,0,0,0,0,0,0,0,0
공통,지급수수료,Supply Chain,AI 프로젝트,58750,10000,10000,10000,10000,10000,1250,1250,1250,1250,1250,1250,1250
공통,지급수수료,Supply Chain,AEO,0,,,,,,,,,,,,
공통,지급수수료,Supply Chain,업체 QA 서비스,0,,,,,,,,,,,,
공통,지급수수료,Supply Chain,VAS 수리비용 (반품상품 수선),1024197.42,69861,149738.96,213931.96,-67627.672,22337.52,-54329.4815,183843.12,142309.356,170736.22,-87372.1911,260902.848,19865.781
공통,지급수수료,Office Service,사무실 유지보수,23400,700,700,700,7200,700,700,700,3200,700,2700,2700,2700
공통,지급수수료,Office Service,시즌 클리닝,44000,11000,0,0,0,11000,0,11000,0,0,11000,0,0
공통,지급수수료,Office Service,포스터 체인지,0,0,0,0,0,0,0,0,0,0,0,0,0
공통,지급수수료,Office Service,신규 사무실 유지보수,0,0,0,0,0,0,0,0,0,0,0,0,0
공통,IT수수료,시스템 유지보수비용,BOS(직영),316533.0517,18867.93,18867.93,18867.93,66037.74132,18867.93,18867.93,26025.9434,26025.9434,26025.9434,26025.9434,26025.9434,26025.9434
공통,IT수수료,시스템 유지보수비용,BOS(대리상),47169.81132,0,0,0,47169.81132,0,0,0,0,0,0,0,0
공통,IT수수료,시스템 유지보수비용,BI,24000,2000,2000,2000,2000,2000,2000,2000,2000,2000,2000,2000,2000
공통,IT수수료,시스템 유지보수비용,OA,104172.9668,6217.77,6217.77,6217.77,6217.77,9912.735849,9912.735849,9912.735849,9912.735849,9912.735849,9912.735849,9912.735849,9912.735849
공통,IT수수료,OMS,,166077.54,55359.18,55359.18,55359.18,0,0,0,0,0,0,0,0,0
공통,IT수수료,OMS (New),,1113732.704,46659.29,46659.29,46659.29,83481.93151,83988.14629,83988.14629,83988.14629,83988.14629,182079.813,180072.2658,96084.1195,96084.1195
공통,IT수수료,CN SAP,연간 유지보수비용 (IT),3375309.503,254402,254402,286650.5503,286650.5503,286650.5503,286650.5503,286650.5503,286650.5503,286650.5503,286650.5503,286650.5503,286650.5503
공통,IT수수료,CN SAP,연간 유지보수비용 (PI),0,0,0,0,0,0,0,0,0,0,0,0,0
공통,IT수수료,CN SAP,"업그레이드 비용(확장,인터페이스 등)",522316.1887,79765.77358,79765.77358,79765.77358,141509.434,141509.434,0,0,0,0,0,0,0
공통,IT수수료,Data Server,Ali클라우드,484067.9471,28538,28538,42699.19471,42699.19471,42699.19471,42699.19471,42699.19471,42699.19471,42699.19471,42699.19471,42699.19471,42699.19471
공통,IT수수료,Data Server,aws클라우드,119188,1599,1599,51599,1599,1599,1599,1599,51599,1599,1599,1599,1599
공통,IT수수료,Data Server,anchnet서버,75596.91056,6151.07,6151.07,6151.07,6151.07,6151.07,6151.07,6448.415094,6448.415094,6448.415094,6448.415094,6448.415094,6448.415094
공통,IT수수료,Data Server,읽기쓰기 분리 연사용료,0,0,0,0,0,0,0,0,0,0,0,0,0
공통,IT수수료,Data Server,NAS유지보수,8491,0,0,0,0,8491,0,0,0,0,0,0,0
공통,IT수수료,보안시스템 (방화벽),보안시스템 (방화벽),183846.2264,0,0,0,0,0,0,0,0,183846.2264,0,0,0
공통,IT수수료,보안시스템 (방화벽),공홈 SSL증서,7547.169811,0,7547.169811,0,0,0,0,0,0,0,0,0,0
공통,IT수수료,온라인 스토어 오픈비용,,0,0,0,0,0,0,0,0,0,0,0,0,0
공통,IT수수료,네트워크&ASDL설치,인터페이스,0,,,,,,,,,,,,
공통,IT수수료,네트워크&ASDL설치,사무실 IT설비,0,0,0,0,0,0,0,0,0,0,0,0,0
공통,IT수수료,네트워크&ASDL설치,사무실 전기공사 (신규 확장),0,0,0,0,0,0,0,0,0,0,0,0,0
공통,IT수수료,네트워크&ASDL설치,Office Hardware Upgrade,0,0,0,0,0,0,0,0,0,0,0,0,0
공통,IT수수료,사무실 소프트웨어,Adobe(PS/AI) license,72641.50943,0,0,0,72641.50943,0,0,0,0,0,0,0,0
공통,IT수수료,사무실 소프트웨어,MS office,208020,17335,17335,17335,17335,17335,17335,17335,17335,17335,17335,17335,17335
공통,IT수수료,사무실 소프트웨어,POLYCOM 영상통화,36226.41509,0,0,0,0,9056.603774,27169.81132,0,0,0,0,0,0
공통,IT수수료,사무실 소프트웨어,VPN,130863.6226,10377,10377,10377,10377,10377,10377,10377,10377,10377,10377,10377,16716.62264
공통,IT수수료,사무실 소프트웨어,ADSL 사용료,54411.32075,0,0,0,0,0,0,0,0,15009.43396,39401.88679,0,0
공통,IT수수료,사무실 소프트웨어,ZHIXINGLI APP,0,0,0,0,0,0,0,0,0,0,0,0,0
공통,IT수수료,API (인터페이스 관련),,0,0,0,0,0,0,0,0,0,0,0,0,0
공통,IT수수료,"OA （AI, 페이퍼리스 등 기능 업그레이드)",,346509.434,0,0,80974.84277,80974.84277,80974.84277,47169.81132,47169.81132,9245.283019,0,0,0,0
공통,IT수수료,DX 경쟁상품 데이터 구매,,0,,,,,,,,,,,,
공통,IT수수료,AI실벽시스템,,1188112,56476,56476,56476,56476,81876,81876,183076,183076,183076,83076,83076,83076
공통,IT수수료,Snowflake,,396226.4151,94339.62264,94339.62264,94339.62264,113207.5472,0,0,0,0,0,0,0,0
공통,IT수수료,창고이전 후 인터페이스,,47169.81132,0,0,0,0,0,0,47169.81132,0,0,0,0,0
공통,IT수수료,(신규)유지보수,,60849.0566,0,0,0,5503.144654,5503.144654,5503.144654,5503.144654,5503.144654,16823.89937,5503.144654,5503.144654,5503.144654
공통,IT수수료,RMS 반품 개발 시스템,,99999.99999,0,0,0,33333.33333,33333.33333,33333.33333,,,,,,
공통,IT수수료,데이터 수집 허가비용,,330188.6792,0,0,44811.32075,0,0,44811.32075,0,0,44811.32075,0,150943.3962,44811.32075
공통,IT수수료,구매 입찰 시스템 (기존 수기),,0,0,0,0,0,0,0,0,0,0,0,0,0
공통,IT수수료,하이브리드 클라우드 아키텍처 최적화,,0,0,0,0,0,0,0,0,0,0,0,0,0
공통,IT수수료,"정보보안 감사, 원격 백업서비스",,191823.8994,0,0,12578.61635,12578.61635,12578.61635,12578.61635,78616.3522,12578.61635,12578.61635,12578.61635,12578.61635,12578.61635
공통,IT수수료,온라인플랫폼 서비스 비용,데이터 구매&운영,1690712,26113,26113,370452,26113,26113,370452,26113,26113,370452,26113,26113,370452
공통,IT수수료,온라인플랫폼 서비스 비용,트랜드 데이터 구매,71172,5931,5931,5931,5931,5931,5931,5931,5931,5931,5931,5931,5931
공통,IT수수료,온라인플랫폼 서비스 비용,CRM(New Provider),1085104,82092,82092,82092,132092,82092,82092,82092,82092,132092,82092,82092,82092
공통,IT수수료,매장 DP점검 외주용역,,530479.24,0,97735.85,0,86594.34,0,118301.89,75849.99,70214.15,0,0,0,81783.02
공통,IT수수료,재고실사 서비스비용,,780000,750000,0,0,0,0,15000,0,0,0,0,15000,0
공통,IT수수료,골프 회원 교환권,,5000,0,5000,0,0,0,0,0,0,0,0,0,0
공통,지급수수료,임원배상책임보험,,0,,,,,,,,,,,,
